{
  "id": "knack",
  "name": "Knack",
  "globalStacks": {
    "draw": {"visibility": "stack-hidden", "emptyImage": "assets/empty.svg"},
    "main": {"visibility": "stack", "emptyImage": "assets/empty.svg"}
  },
  "playerStacks": {
    "hand": {"visibility": "hand-me"}
  },
  "variables": {
    "handCards": {"value": 3},
    "passCounter": {"value": 0},
    "endCounter": {"value": 0}
  },
  "startPhase": "start",
  "gamePhases": {
    "start": {"action": "start"},
    "main": {"action": "main"}
  }
}
