{"main":{"nodes":{"py4fmqodp9h":{"x":0,"y":0,"type":"GameLogic","width":200,"connections":{"inputs":{"FunctionResult":[{"nodeId":"m9m9pn3w0ff","portName":":FunctionResult"}]},"outputs":{}},"inputData":{"FunctionResult":{}},"root":true,"id":"py4fmqodp9h"},"m9m9pn3w0ff":{"id":"m9m9pn3w0ff","x":-250,"y":0,"type":"choose","width":200,"connections":{"inputs":{"player":[{"nodeId":"jpcvjvt9xw9","portName":":Player"}],"options":[{"nodeId":"x9nhj9l84v","portName":":GameOption[]"}]},"outputs":{":FunctionResult":[{"nodeId":"py4fmqodp9h","portName":"FunctionResult"}]}},"inputData":{"player":{},"options":{},"onEmpty":{}}},"jpcvjvt9xw9":{"id":"jpcvjvt9xw9","x":-500,"y":0,"type":"currentPlayer","width":200,"connections":{"inputs":{},"outputs":{":Player":[{"nodeId":"m9m9pn3w0ff","portName":"player"}]}},"inputData":{}},"x9nhj9l84v":{"id":"x9nhj9l84v","x":-500,"y":220,"type":"cardOptions","width":200,"connections":{"inputs":{"cards":[{"nodeId":"mvppemrnbpi","portName":":Card[]"}],"action:FunctionResult":[{"nodeId":"lfciowjpje8","portName":":FunctionResult"}]},"outputs":{":GameOption[]":[{"nodeId":"m9m9pn3w0ff","portName":"options"}]}},"inputData":{"cards":{},"action:FunctionResult":{}}},"mvppemrnbpi":{"id":"mvppemrnbpi","x":-750,"y":220,"type":"getCardsOfCardStack","width":200,"connections":{"inputs":{"stack":[{"nodeId":"s1xjm8e3bns","portName":":CardStack"}]},"outputs":{":Card[]":[{"nodeId":"x9nhj9l84v","portName":"cards"}]}},"inputData":{"stack":{}}},"s1xjm8e3bns":{"id":"s1xjm8e3bns","x":-1000,"y":220,"type":"getGlobalCardStack","width":200,"connections":{"inputs":{"id":[{"nodeId":"zsj4odpvxub","portName":":string"}]},"outputs":{":CardStack":[{"nodeId":"mvppemrnbpi","portName":"stack"}]}},"inputData":{"id":{"string":""}}},"zsj4odpvxub":{"id":"zsj4odpvxub","x":-1250,"y":220,"type":"string","width":200,"connections":{"inputs":{},"outputs":{":string":[{"nodeId":"s1xjm8e3bns","portName":"id"}]}},"inputData":{"string":{"string":"main"}}},"lfciowjpje8":{"id":"lfciowjpje8","x":-750,"y":440,"type":"sequential","width":200,"connections":{"inputs":{"func1":[{"nodeId":"zgtnfeg00o","portName":":FunctionResult"}],"func2":[{"nodeId":"0ukzrjlx6hr","portName":":FunctionResult"}]},"outputs":{":FunctionResult":[{"nodeId":"x9nhj9l84v","portName":"action:FunctionResult"}]}},"inputData":{"func1":{},"func2":{},"func3":{}}},"zgtnfeg00o":{"id":"zgtnfeg00o","x":-1000,"y":440,"type":"swapCards","width":200,"connections":{"inputs":{"from":[{"nodeId":"94k1d19hlr","portName":":CardStack"}],"to":[{"nodeId":"9smyu5zdwzm","portName":":CardStack"}]},"outputs":{":FunctionResult":[{"nodeId":"lfciowjpje8","portName":"func1"}]}},"inputData":{"from":{},"to":{},"fromCards":{},"toCards":{}}},"94k1d19hlr":{"id":"94k1d19hlr","x":-1250,"y":440,"type":"getGlobalCardStack","width":200,"connections":{"inputs":{"id":[{"nodeId":"h5r03la4emp","portName":":string"}]},"outputs":{":CardStack":[{"nodeId":"zgtnfeg00o","portName":"from"}]}},"inputData":{"id":{"string":""}}},"h5r03la4emp":{"id":"h5r03la4emp","x":-1500,"y":440,"type":"string","width":200,"connections":{"inputs":{},"outputs":{":string":[{"nodeId":"94k1d19hlr","portName":"id"}]}},"inputData":{"string":{"string":"main"}}},"9smyu5zdwzm":{"id":"9smyu5zdwzm","x":-1250,"y":660,"type":"getPlayerCardStack","width":200,"connections":{"inputs":{"id":[{"nodeId":"vf5uk888o5","portName":":string"}],"player":[{"nodeId":"4azzuwv9c7j","portName":":Player"}]},"outputs":{":CardStack":[{"nodeId":"zgtnfeg00o","portName":"to"}]}},"inputData":{"id":{"string":""},"player":{}}},"vf5uk888o5":{"id":"vf5uk888o5","x":-1500,"y":660,"type":"string","width":200,"connections":{"inputs":{},"outputs":{":string":[{"nodeId":"9smyu5zdwzm","portName":"id"}]}},"inputData":{"string":{"string":"hand"}}},"4azzuwv9c7j":{"id":"4azzuwv9c7j","x":-1500,"y":880,"type":"currentPlayer","width":200,"connections":{"inputs":{},"outputs":{":Player":[{"nodeId":"9smyu5zdwzm","portName":"player"}]}},"inputData":{}},"0ukzrjlx6hr":{"id":"0ukzrjlx6hr","x":-1000,"y":1100,"type":"setPhase","width":200,"connections":{"inputs":{"player":[{"nodeId":"ojl41d5tvx","portName":":Player"}],"phase":[{"nodeId":"cie0g7lnfld","portName":":string"}]},"outputs":{":FunctionResult":[{"nodeId":"lfciowjpje8","portName":"func2"}]}},"inputData":{"player":{},"phase":{"string":""}}},"ojl41d5tvx":{"id":"ojl41d5tvx","x":-1250,"y":1100,"type":"nextPlayer","width":200,"connections":{"inputs":{},"outputs":{":Player":[{"nodeId":"0ukzrjlx6hr","portName":"player"}]}},"inputData":{}},"cie0g7lnfld":{"id":"cie0g7lnfld","x":-1250,"y":1320,"type":"string","width":200,"connections":{"inputs":{},"outputs":{":string":[{"nodeId":"0ukzrjlx6hr","portName":"phase"}]}},"inputData":{"string":{"string":"main"}}}},"comments":{}},"start":{"nodes":{"gcqalmssuz":{"x":0,"y":0,"type":"GameLogic","width":200,"connections":{"inputs":{"FunctionResult":[{"nodeId":"nx4ow746i0g","portName":":FunctionResult"}]},"outputs":{}},"inputData":{"FunctionResult":{}},"root":true,"id":"gcqalmssuz"},"nx4ow746i0g":{"id":"nx4ow746i0g","x":-250,"y":0,"type":"sequential","width":200,"connections":{"inputs":{"func1":[{"nodeId":"mv2tu80074l","portName":":FunctionResult"}],"func2":[{"nodeId":"k86r5hw09rn","portName":":FunctionResult"}],"func3":[{"nodeId":"4kl3a9gcnyj","portName":":FunctionResult"}],"func4":[{"nodeId":"xtib0f84t1k","portName":":FunctionResult"}],"func5":[{"nodeId":"epeadcagi36","portName":":FunctionResult"}]},"outputs":{":FunctionResult":[{"nodeId":"gcqalmssuz","portName":"FunctionResult"}]}},"inputData":{"func1":{},"func2":{},"func3":{},"func4":{},"func5":{},"func6":{}}},"mv2tu80074l":{"id":"mv2tu80074l","x":-500,"y":0,"type":"fillStack","width":200,"connections":{"inputs":{"stack":[{"nodeId":"kzt89wx5axp","portName":":CardStack"}]},"outputs":{":FunctionResult":[{"nodeId":"nx4ow746i0g","portName":"func1"}]}},"inputData":{"stack":{},"repeat":{"number":0}}},"kzt89wx5axp":{"id":"kzt89wx5axp","x":-750,"y":0,"type":"getGlobalCardStack","width":200,"connections":{"inputs":{"id":[{"nodeId":"t4uhhf3y6on","portName":":string"}]},"outputs":{":CardStack":[{"nodeId":"mv2tu80074l","portName":"stack"}]}},"inputData":{"id":{"string":""}}},"t4uhhf3y6on":{"id":"t4uhhf3y6on","x":-1000,"y":0,"type":"string","width":200,"connections":{"inputs":{},"outputs":{":string":[{"nodeId":"kzt89wx5axp","portName":"id"}]}},"inputData":{"string":{"string":"draw"}}},"k86r5hw09rn":{"id":"k86r5hw09rn","x":-500,"y":220,"type":"shuffleStack","width":200,"connections":{"inputs":{"stack":[{"nodeId":"oco45i65upq","portName":":CardStack"}]},"outputs":{":FunctionResult":[{"nodeId":"nx4ow746i0g","portName":"func2"}]}},"inputData":{"stack":{}}},"oco45i65upq":{"id":"oco45i65upq","x":-750,"y":220,"type":"getGlobalCardStack","width":200,"connections":{"inputs":{"id":[{"nodeId":"mp3710wfzue","portName":":string"}]},"outputs":{":CardStack":[{"nodeId":"k86r5hw09rn","portName":"stack"}]}},"inputData":{"id":{"string":""}}},"mp3710wfzue":{"id":"mp3710wfzue","x":-1000,"y":220,"type":"string","width":200,"connections":{"inputs":{},"outputs":{":string":[{"nodeId":"oco45i65upq","portName":"id"}]}},"inputData":{"string":{"string":"draw"}}},"4kl3a9gcnyj":{"id":"4kl3a9gcnyj","x":-502.0000240441531,"y":365.99992116292367,"type":"first","width":200,"connections":{"inputs":{"array":[{"nodeId":"iutq6x6htjq","portName":":FunctionResult[]"}]},"outputs":{":FunctionResult":[{"nodeId":"nx4ow746i0g","portName":"func3"}]}},"inputData":{"array":{}}},"iutq6x6htjq":{"id":"iutq6x6htjq","x":-660.0000850793095,"y":478.0000432332362,"type":"map","width":200,"connections":{"inputs":{"array":[{"nodeId":"56nvotxa7pc","portName":":Player[]"}],"func:T2":[{"nodeId":"8xlgik0xe15","portName":":FunctionResult"}]},"outputs":{"func_x:Player":[{"nodeId":"9fon9v81my","portName":"player"}],":FunctionResult[]":[{"nodeId":"4kl3a9gcnyj","portName":"array"}]}},"inputData":{"array":{},"func:T2":{}}},"56nvotxa7pc":{"id":"56nvotxa7pc","x":-938.0000850793099,"y":438.00004323323617,"type":"players","width":200,"connections":{"inputs":{},"outputs":{":Player[]":[{"nodeId":"iutq6x6htjq","portName":"array"}]}},"inputData":{}},"8xlgik0xe15":{"id":"8xlgik0xe15","x":-1000,"y":660,"type":"moveCards","width":200,"connections":{"inputs":{"from":[{"nodeId":"ukjatxr41r","portName":":CardStack"}],"to":[{"nodeId":"9fon9v81my","portName":":CardStack"}],"fromCards":[{"nodeId":"9yj6q4041jj","portName":":Card[]"}]},"outputs":{":FunctionResult":[{"nodeId":"iutq6x6htjq","portName":"func:T2"}]}},"inputData":{"from":{},"to":{},"fromCards":{}}},"ukjatxr41r":{"id":"ukjatxr41r","x":-1250,"y":660,"type":"getGlobalCardStack","width":200,"connections":{"inputs":{"id":[{"nodeId":"u2nwlsww4eg","portName":":string"}]},"outputs":{":CardStack":[{"nodeId":"8xlgik0xe15","portName":"from"}]}},"inputData":{"id":{"string":""}}},"u2nwlsww4eg":{"id":"u2nwlsww4eg","x":-1500,"y":660,"type":"string","width":200,"connections":{"inputs":{},"outputs":{":string":[{"nodeId":"ukjatxr41r","portName":"id"}]}},"inputData":{"string":{"string":"draw"}}},"9fon9v81my":{"id":"9fon9v81my","x":-1250,"y":880,"type":"getPlayerCardStack","width":200,"connections":{"inputs":{"id":[{"nodeId":"7og1n3m0lo8","portName":":string"}],"player":[{"nodeId":"iutq6x6htjq","portName":"func_x:Player"}]},"outputs":{":CardStack":[{"nodeId":"8xlgik0xe15","portName":"to"}]}},"inputData":{"id":{"string":""},"player":{}}},"7og1n3m0lo8":{"id":"7og1n3m0lo8","x":-1500,"y":880,"type":"string","width":200,"connections":{"inputs":{},"outputs":{":string":[{"nodeId":"9fon9v81my","portName":"id"}]}},"inputData":{"string":{"string":"hand"}}},"9yj6q4041jj":{"id":"9yj6q4041jj","x":-1250,"y":1320,"type":"topCards","width":200,"connections":{"inputs":{"stack":[{"nodeId":"q3hodhf0d6r","portName":":CardStack"}],"n":[{"nodeId":"to5inpqrt5","portName":":number"}]},"outputs":{":Card[]":[{"nodeId":"8xlgik0xe15","portName":"fromCards"}]}},"inputData":{"stack":{},"n":{"number":0}}},"q3hodhf0d6r":{"id":"q3hodhf0d6r","x":-1500,"y":1320,"type":"getGlobalCardStack","width":200,"connections":{"inputs":{"id":[{"nodeId":"n47c8fl1gzm","portName":":string"}]},"outputs":{":CardStack":[{"nodeId":"9yj6q4041jj","portName":"stack"}]}},"inputData":{"id":{"string":""}}},"n47c8fl1gzm":{"id":"n47c8fl1gzm","x":-1750,"y":1320,"type":"string","width":200,"connections":{"inputs":{},"outputs":{":string":[{"nodeId":"q3hodhf0d6r","portName":"id"}]}},"inputData":{"string":{"string":"draw"}}},"to5inpqrt5":{"id":"to5inpqrt5","x":-1511,"y":1557,"type":"ToNumber","width":200,"connections":{"inputs":{"x":[{"nodeId":"9b4zjzfrys5","portName":":Variable"}]},"outputs":{":number":[{"nodeId":"9yj6q4041jj","portName":"n"}]}},"inputData":{"x":{}}},"9b4zjzfrys5":{"id":"9b4zjzfrys5","x":-1750,"y":1540,"type":"getGameVariable","width":200,"connections":{"inputs":{"id":[{"nodeId":"43156mzb47g","portName":":string"}]},"outputs":{":Variable":[{"nodeId":"to5inpqrt5","portName":"x"}]}},"inputData":{"id":{"string":""}}},"43156mzb47g":{"id":"43156mzb47g","x":-2000,"y":1540,"type":"string","width":200,"connections":{"inputs":{},"outputs":{":string":[{"nodeId":"9b4zjzfrys5","portName":"id"}]}},"inputData":{"string":{"string":"handCards"}}},"xtib0f84t1k":{"id":"xtib0f84t1k","x":-500,"y":1760,"type":"moveCards","width":200,"connections":{"inputs":{"from":[{"nodeId":"h1hc03vjdgo","portName":":CardStack"}],"to":[{"nodeId":"9plnrjv4qt","portName":":CardStack"}],"fromCards":[{"nodeId":"3wmhbrt1jrs","portName":":Card[]"}]},"outputs":{":FunctionResult":[{"nodeId":"nx4ow746i0g","portName":"func4"}]}},"inputData":{"from":{},"to":{},"fromCards":{}}},"h1hc03vjdgo":{"id":"h1hc03vjdgo","x":-750,"y":1760,"type":"getGlobalCardStack","width":200,"connections":{"inputs":{"id":[{"nodeId":"icnhbis5m6","portName":":string"}]},"outputs":{":CardStack":[{"nodeId":"xtib0f84t1k","portName":"from"}]}},"inputData":{"id":{"string":""}}},"icnhbis5m6":{"id":"icnhbis5m6","x":-1000,"y":1760,"type":"string","width":200,"connections":{"inputs":{},"outputs":{":string":[{"nodeId":"h1hc03vjdgo","portName":"id"}]}},"inputData":{"string":{"string":"draw"}}},"9plnrjv4qt":{"id":"9plnrjv4qt","x":-750,"y":1980,"type":"getGlobalCardStack","width":200,"connections":{"inputs":{"id":[{"nodeId":"u64olvtye2r","portName":":string"}]},"outputs":{":CardStack":[{"nodeId":"xtib0f84t1k","portName":"to"}]}},"inputData":{"id":{"string":""}}},"u64olvtye2r":{"id":"u64olvtye2r","x":-1000,"y":1980,"type":"string","width":200,"connections":{"inputs":{},"outputs":{":string":[{"nodeId":"9plnrjv4qt","portName":"id"}]}},"inputData":{"string":{"string":"main"}}},"3wmhbrt1jrs":{"id":"3wmhbrt1jrs","x":-750,"y":2200,"type":"topCards","width":200,"connections":{"inputs":{"stack":[{"nodeId":"sojc2s2z06e","portName":":CardStack"}],"n":[{"nodeId":"ahnt1bkw0yr","portName":":number"}]},"outputs":{":Card[]":[{"nodeId":"xtib0f84t1k","portName":"fromCards"}]}},"inputData":{"stack":{},"n":{"number":0}}},"sojc2s2z06e":{"id":"sojc2s2z06e","x":-1000,"y":2200,"type":"getGlobalCardStack","width":200,"connections":{"inputs":{"id":[{"nodeId":"qiaq1ophusk","portName":":string"}]},"outputs":{":CardStack":[{"nodeId":"3wmhbrt1jrs","portName":"stack"}]}},"inputData":{"id":{"string":""}}},"qiaq1ophusk":{"id":"qiaq1ophusk","x":-1250,"y":2200,"type":"string","width":200,"connections":{"inputs":{},"outputs":{":string":[{"nodeId":"sojc2s2z06e","portName":"id"}]}},"inputData":{"string":{"string":"draw"}}},"ahnt1bkw0yr":{"id":"ahnt1bkw0yr","x":-1016,"y":2402,"type":"ToNumber","width":200,"connections":{"inputs":{"x":[{"nodeId":"tzdmh4jqe6e","portName":":Variable"}]},"outputs":{":number":[{"nodeId":"3wmhbrt1jrs","portName":"n"}]}},"inputData":{"x":{}}},"tzdmh4jqe6e":{"id":"tzdmh4jqe6e","x":-1250,"y":2420,"type":"getGameVariable","width":200,"connections":{"inputs":{"id":[{"nodeId":"7px12a28xhm","portName":":string"}]},"outputs":{":Variable":[{"nodeId":"ahnt1bkw0yr","portName":"x"}]}},"inputData":{"id":{"string":""}}},"7px12a28xhm":{"id":"7px12a28xhm","x":-1500,"y":2420,"type":"string","width":200,"connections":{"inputs":{},"outputs":{":string":[{"nodeId":"tzdmh4jqe6e","portName":"id"}]}},"inputData":{"string":{"string":"handCards"}}},"epeadcagi36":{"id":"epeadcagi36","x":-500,"y":2640,"type":"setPhase","width":200,"connections":{"inputs":{"player":[{"nodeId":"1uvjq4a1mr3","portName":":Player"}],"phase":[{"nodeId":"71vivsi8s8f","portName":":string"}]},"outputs":{":FunctionResult":[{"nodeId":"nx4ow746i0g","portName":"func5"}]}},"inputData":{"player":{},"phase":{"string":""}}},"1uvjq4a1mr3":{"id":"1uvjq4a1mr3","x":-750,"y":2640,"type":"randomChoice","width":200,"connections":{"inputs":{"options":[{"nodeId":"pqzpvjk8amg","portName":":Player[]"}]},"outputs":{":Player":[{"nodeId":"epeadcagi36","portName":"player"}]}},"inputData":{"options":{}}},"pqzpvjk8amg":{"id":"pqzpvjk8amg","x":-1000,"y":2640,"type":"players","width":200,"connections":{"inputs":{},"outputs":{":Player[]":[{"nodeId":"1uvjq4a1mr3","portName":"options"}]}},"inputData":{}},"71vivsi8s8f":{"id":"71vivsi8s8f","x":-750,"y":2860,"type":"string","width":200,"connections":{"inputs":{},"outputs":{":string":[{"nodeId":"epeadcagi36","portName":"phase"}]}},"inputData":{"string":{"string":"main"}}}},"comments":{}}}