{"7choice":{"nodes":{"o4znu63a04":{"x":0,"y":0,"type":"GameLogic","width":200,"connections":{"inputs":{"FunctionResult":[{"nodeId":"52xk8y3o6en","portName":":FunctionResult"}]},"outputs":{}},"inputData":{"FunctionResult":{}},"root":true,"id":"o4znu63a04"},"52xk8y3o6en":{"id":"52xk8y3o6en","x":-250,"y":0,"type":"sequential","width":200,"connections":{"inputs":{"func1":[{"nodeId":"oxhxpi3h7p8","portName":":FunctionResult"}],"func2":[{"nodeId":"ax7yiy3p33n","portName":":FunctionResult"}]},"outputs":{":FunctionResult":[{"nodeId":"o4znu63a04","portName":"FunctionResult"}]}},"inputData":{}},"oxhxpi3h7p8":{"id":"oxhxpi3h7p8","x":-500,"y":0,"type":"setGameVariable","width":200,"connections":{"inputs":{"id":[{"nodeId":"dqlptdfsjdj","portName":":string"}],"value":[{"nodeId":"r1bghg793r","portName":":Variable"}]},"outputs":{":FunctionResult":[{"nodeId":"52xk8y3o6en","portName":"func1"}]}},"inputData":{}},"dqlptdfsjdj":{"id":"dqlptdfsjdj","x":-750,"y":0,"type":"string","width":200,"connections":{"inputs":{},"outputs":{":string":[{"nodeId":"oxhxpi3h7p8","portName":"id"}]}},"inputData":{"string":{"string":"7counter"}}},"r1bghg793r":{"id":"r1bghg793r","x":-750,"y":220,"type":"min","width":200,"connections":{"inputs":{"value1":[{"nodeId":"4fo2ey761e3","portName":":Variable"}],"value2":[{"nodeId":"p6h4vzzu54","portName":":number"}]},"outputs":{":Variable":[{"nodeId":"oxhxpi3h7p8","portName":"value"}]}},"inputData":{}},"4fo2ey761e3":{"id":"4fo2ey761e3","x":-1000,"y":220,"type":"getGameVariable","width":200,"connections":{"inputs":{"id":[{"nodeId":"ef9ridfz6oa","portName":":string"}]},"outputs":{":Variable":[{"nodeId":"r1bghg793r","portName":"value1"}]}},"inputData":{}},"ef9ridfz6oa":{"id":"ef9ridfz6oa","x":-1250,"y":220,"type":"string","width":200,"connections":{"inputs":{},"outputs":{":string":[{"nodeId":"4fo2ey761e3","portName":"id"}]}},"inputData":{"string":{"string":"7counter"}}},"p6h4vzzu54":{"id":"p6h4vzzu54","x":-1000,"y":440,"type":"add","width":200,"connections":{"inputs":{"summand1":[{"nodeId":"uscy5m6s7","portName":":number"}],"summand2":[{"nodeId":"sk1ztax0p8d","portName":":number"}],"summand3":[{"nodeId":"ht43p24pkdo","portName":":number"}]},"outputs":{":number":[{"nodeId":"r1bghg793r","portName":"value2"}]}},"inputData":{}},"uscy5m6s7":{"id":"uscy5m6s7","x":-1250,"y":440,"type":"length","width":200,"connections":{"inputs":{"array":[{"nodeId":"lamdixe0pq","portName":":Card[]"}]},"outputs":{":number":[{"nodeId":"p6h4vzzu54","portName":"summand1"}]}},"inputData":{}},"lamdixe0pq":{"id":"lamdixe0pq","x":-1500,"y":440,"type":"getCardsOfCardStack","width":200,"connections":{"inputs":{"stack":[{"nodeId":"ag3zhef3wus","portName":":CardStack"}]},"outputs":{":Card[]":[{"nodeId":"uscy5m6s7","portName":"array"}]}},"inputData":{}},"ag3zhef3wus":{"id":"ag3zhef3wus","x":-1750,"y":440,"type":"getGlobalCardStack","width":200,"connections":{"inputs":{"id":[{"nodeId":"761sl13hmvk","portName":":string"}]},"outputs":{":CardStack":[{"nodeId":"lamdixe0pq","portName":"stack"}]}},"inputData":{}},"761sl13hmvk":{"id":"761sl13hmvk","x":-2000,"y":440,"type":"string","width":200,"connections":{"inputs":{},"outputs":{":string":[{"nodeId":"ag3zhef3wus","portName":"id"}]}},"inputData":{"string":{"string":"draw"}}},"sk1ztax0p8d":{"id":"sk1ztax0p8d","x":-1250,"y":660,"type":"length","width":200,"connections":{"inputs":{"array":[{"nodeId":"2q8hn5zlk7u","portName":":Card[]"}]},"outputs":{":number":[{"nodeId":"p6h4vzzu54","portName":"summand2"}]}},"inputData":{}},"2q8hn5zlk7u":{"id":"2q8hn5zlk7u","x":-1500,"y":660,"type":"getCardsOfCardStack","width":200,"connections":{"inputs":{"stack":[{"nodeId":"j1cy5ar83im","portName":":CardStack"}]},"outputs":{":Card[]":[{"nodeId":"sk1ztax0p8d","portName":"array"}]}},"inputData":{}},"j1cy5ar83im":{"id":"j1cy5ar83im","x":-1750,"y":660,"type":"getGlobalCardStack","width":200,"connections":{"inputs":{"id":[{"nodeId":"57j8nc1rqo7","portName":":string"}]},"outputs":{":CardStack":[{"nodeId":"2q8hn5zlk7u","portName":"stack"}]}},"inputData":{}},"57j8nc1rqo7":{"id":"57j8nc1rqo7","x":-2000,"y":660,"type":"string","width":200,"connections":{"inputs":{},"outputs":{":string":[{"nodeId":"j1cy5ar83im","portName":"id"}]}},"inputData":{"string":{"string":"main"}}},"ht43p24pkdo":{"id":"ht43p24pkdo","x":-1250,"y":880,"type":"number","width":200,"connections":{"inputs":{},"outputs":{":number":[{"nodeId":"p6h4vzzu54","portName":"summand3"}]}},"inputData":{"number":{"number":-1}}},"ax7yiy3p33n":{"id":"ax7yiy3p33n","x":-500,"y":1100,"type":"choose","width":200,"connections":{"inputs":{"player":[{"nodeId":"pkkiqnzp5fg","portName":":Player"}],"options":[{"nodeId":"d1nyzmdrde4","portName":":GameOption[]"}]},"outputs":{":FunctionResult":[{"nodeId":"52xk8y3o6en","portName":"func2"}]}},"inputData":{}},"pkkiqnzp5fg":{"id":"pkkiqnzp5fg","x":-750,"y":1100,"type":"currentPlayer","width":200,"connections":{"inputs":{},"outputs":{":Player":[{"nodeId":"ax7yiy3p33n","portName":"player"}]}},"inputData":{}},"d1nyzmdrde4":{"id":"d1nyzmdrde4","x":-750,"y":1320,"type":"concat","width":200,"connections":{"inputs":{"array1":[{"nodeId":"pqrg3hawvo","portName":":GameOption[]"}],"array2":[{"nodeId":"o1a8k684yti","portName":":GameOption[]"}]},"outputs":{":GameOption[]":[{"nodeId":"ax7yiy3p33n","portName":"options"}]}},"inputData":{}},"pqrg3hawvo":{"id":"pqrg3hawvo","x":-1000,"y":1320,"type":"addCardStackTargets","width":200,"connections":{"inputs":{"options":[{"nodeId":"bfptkyq3byt","portName":":GameOption[]"}],"targets":[{"nodeId":"oemsscsy9b8","portName":":CardStack[]"}]},"outputs":{":GameOption[]":[{"nodeId":"d1nyzmdrde4","portName":"array1"}]}},"inputData":{}},"bfptkyq3byt":{"id":"bfptkyq3byt","x":-1250,"y":1320,"type":"cardOptions","width":200,"connections":{"inputs":{"cards":[{"nodeId":"l7fxn0a6q1j","portName":":Card[]"}],"action:FunctionResult":[{"nodeId":"j1s2c8w5njs","portName":":FunctionResult"}]},"outputs":{":GameOption[]":[{"nodeId":"pqrg3hawvo","portName":"options"}]}},"inputData":{}},"l7fxn0a6q1j":{"id":"l7fxn0a6q1j","x":-1500,"y":1320,"type":"topCards","width":200,"connections":{"inputs":{"stack":[{"nodeId":"9xmm6d769tm","portName":":CardStack"}]},"outputs":{":Card[]":[{"nodeId":"bfptkyq3byt","portName":"cards"}]}},"inputData":{}},"9xmm6d769tm":{"id":"9xmm6d769tm","x":-1750,"y":1320,"type":"getGlobalCardStack","width":200,"connections":{"inputs":{"id":[{"nodeId":"lxnsco2z5mo","portName":":string"}]},"outputs":{":CardStack":[{"nodeId":"l7fxn0a6q1j","portName":"stack"}]}},"inputData":{}},"lxnsco2z5mo":{"id":"lxnsco2z5mo","x":-2000,"y":1320,"type":"string","width":200,"connections":{"inputs":{},"outputs":{":string":[{"nodeId":"9xmm6d769tm","portName":"id"}]}},"inputData":{"string":{"string":"draw"}}},"j1s2c8w5njs":{"id":"j1s2c8w5njs","x":-1500,"y":1540,"type":"sequential","width":200,"connections":{"inputs":{"func1":[{"nodeId":"vwqcljltty","portName":":FunctionResult"}],"func2":[{"nodeId":"et5vp6aqq56","portName":":FunctionResult"}],"func3":[{"nodeId":"42pj6zp80d5","portName":":FunctionResult"}]},"outputs":{":FunctionResult":[{"nodeId":"bfptkyq3byt","portName":"action:FunctionResult"}]}},"inputData":{}},"vwqcljltty":{"id":"vwqcljltty","x":-1750,"y":1540,"type":"runAction","width":200,"connections":{"inputs":{"actionName":[{"nodeId":"l4z6n4bx5yn","portName":":string"}]},"outputs":{":FunctionResult":[{"nodeId":"j1s2c8w5njs","portName":"func1"}]}},"inputData":{}},"l4z6n4bx5yn":{"id":"l4z6n4bx5yn","x":-2000,"y":1540,"type":"string","width":200,"connections":{"inputs":{},"outputs":{":string":[{"nodeId":"vwqcljltty","portName":"actionName"}]}},"inputData":{"string":{"string":"refill"}}},"et5vp6aqq56":{"id":"et5vp6aqq56","x":-1750,"y":1760,"type":"moveCards","width":200,"connections":{"inputs":{"from":[{"nodeId":"8lnwc17ci2h","portName":":CardStack"}],"to":[{"nodeId":"7lbvwgqltpw","portName":":CardStack"}],"fromCards":[{"nodeId":"tczffkyn8bd","portName":":Card[]"}]},"outputs":{":FunctionResult":[{"nodeId":"j1s2c8w5njs","portName":"func2"}]}},"inputData":{}},"8lnwc17ci2h":{"id":"8lnwc17ci2h","x":-2000,"y":1760,"type":"getGlobalCardStack","width":200,"connections":{"inputs":{"id":[{"nodeId":"qfef5a1qyko","portName":":string"}]},"outputs":{":CardStack":[{"nodeId":"et5vp6aqq56","portName":"from"}]}},"inputData":{}},"qfef5a1qyko":{"id":"qfef5a1qyko","x":-2250,"y":1760,"type":"string","width":200,"connections":{"inputs":{},"outputs":{":string":[{"nodeId":"8lnwc17ci2h","portName":"id"}]}},"inputData":{"string":{"string":"draw"}}},"7lbvwgqltpw":{"id":"7lbvwgqltpw","x":-2000,"y":1980,"type":"getPlayerCardStack","width":200,"connections":{"inputs":{"id":[{"nodeId":"f7j23taunq","portName":":string"}],"player":[{"nodeId":"82j2p0hcln2","portName":":Player"}]},"outputs":{":CardStack":[{"nodeId":"et5vp6aqq56","portName":"to"}]}},"inputData":{}},"f7j23taunq":{"id":"f7j23taunq","x":-2250,"y":1980,"type":"string","width":200,"connections":{"inputs":{},"outputs":{":string":[{"nodeId":"7lbvwgqltpw","portName":"id"}]}},"inputData":{"string":{"string":"hand"}}},"82j2p0hcln2":{"id":"82j2p0hcln2","x":-2250,"y":2200,"type":"currentPlayer","width":200,"connections":{"inputs":{},"outputs":{":Player":[{"nodeId":"7lbvwgqltpw","portName":"player"}]}},"inputData":{}},"tczffkyn8bd":{"id":"tczffkyn8bd","x":-2000,"y":2420,"type":"topCards","width":200,"connections":{"inputs":{"stack":[{"nodeId":"1rzixllkxc6","portName":":CardStack"}],"n":[{"nodeId":"ed7l8i2rest","portName":":number"}]},"outputs":{":Card[]":[{"nodeId":"et5vp6aqq56","portName":"fromCards"}]}},"inputData":{}},"1rzixllkxc6":{"id":"1rzixllkxc6","x":-2250,"y":2420,"type":"getGlobalCardStack","width":200,"connections":{"inputs":{"id":[{"nodeId":"t57hb4zxzta","portName":":string"}]},"outputs":{":CardStack":[{"nodeId":"tczffkyn8bd","portName":"stack"}]}},"inputData":{}},"t57hb4zxzta":{"id":"t57hb4zxzta","x":-2500,"y":2420,"type":"string","width":200,"connections":{"inputs":{},"outputs":{":string":[{"nodeId":"1rzixllkxc6","portName":"id"}]}},"inputData":{"string":{"string":"draw"}}},"ed7l8i2rest":{"id":"ed7l8i2rest","x":-2250,"y":2640,"type":"ToNumber","width":200,"connections":{"inputs":{"x":[{"nodeId":"5ww7zm1ltmv","portName":":Variable"}]},"outputs":{":number":[{"nodeId":"tczffkyn8bd","portName":"n"}]}},"inputData":{}},"5ww7zm1ltmv":{"id":"5ww7zm1ltmv","x":-2500,"y":2640,"type":"getGameVariable","width":200,"connections":{"inputs":{"id":[{"nodeId":"jjh2cntcnx","portName":":string"}]},"outputs":{":Variable":[{"nodeId":"ed7l8i2rest","portName":"x"}]}},"inputData":{}},"jjh2cntcnx":{"id":"jjh2cntcnx","x":-2750,"y":2640,"type":"string","width":200,"connections":{"inputs":{},"outputs":{":string":[{"nodeId":"5ww7zm1ltmv","portName":"id"}]}},"inputData":{"string":{"string":"7counter"}}},"42pj6zp80d5":{"id":"42pj6zp80d5","x":-1750,"y":2860,"type":"setGameVariable","width":200,"connections":{"inputs":{"id":[{"nodeId":"lddi8qjzlpe","portName":":string"}],"value":[{"nodeId":"rn6y0xl5sa","portName":":number"}]},"outputs":{":FunctionResult":[{"nodeId":"j1s2c8w5njs","portName":"func3"}]}},"inputData":{}},"lddi8qjzlpe":{"id":"lddi8qjzlpe","x":-2000,"y":2860,"type":"string","width":200,"connections":{"inputs":{},"outputs":{":string":[{"nodeId":"42pj6zp80d5","portName":"id"}]}},"inputData":{"string":{"string":"7counter"}}},"rn6y0xl5sa":{"id":"rn6y0xl5sa","x":-2000,"y":3080,"type":"number","width":200,"connections":{"inputs":{},"outputs":{":number":[{"nodeId":"42pj6zp80d5","portName":"value"}]}},"inputData":{"number":{"number":0}}},"oemsscsy9b8":{"id":"oemsscsy9b8","x":-1250,"y":3300,"type":"ToArray","width":200,"connections":{"inputs":{"value1":[{"nodeId":"8sxuun4kw5p","portName":":CardStack"}]},"outputs":{":CardStack[]":[{"nodeId":"pqrg3hawvo","portName":"targets"}]}},"inputData":{}},"8sxuun4kw5p":{"id":"8sxuun4kw5p","x":-1500,"y":3300,"type":"getPlayerCardStack","width":200,"connections":{"inputs":{"id":[{"nodeId":"tnji8a3ldt","portName":":string"}],"player":[{"nodeId":"6x8aiie8vo9","portName":":Player"}]},"outputs":{":CardStack":[{"nodeId":"oemsscsy9b8","portName":"value1"}]}},"inputData":{}},"tnji8a3ldt":{"id":"tnji8a3ldt","x":-1750,"y":3300,"type":"string","width":200,"connections":{"inputs":{},"outputs":{":string":[{"nodeId":"8sxuun4kw5p","portName":"id"}]}},"inputData":{"string":{"string":"hand"}}},"6x8aiie8vo9":{"id":"6x8aiie8vo9","x":-1750,"y":3520,"type":"currentPlayer","width":200,"connections":{"inputs":{},"outputs":{":Player":[{"nodeId":"8sxuun4kw5p","portName":"player"}]}},"inputData":{}},"o1a8k684yti":{"id":"o1a8k684yti","x":-1000,"y":3740,"type":"addCardStackTargets","width":200,"connections":{"inputs":{"options":[{"nodeId":"h1iwwn6chvr","portName":":GameOption[]"}],"targets":[{"nodeId":"zvqrg4xhwk","portName":":CardStack[]"}]},"outputs":{":GameOption[]":[{"nodeId":"d1nyzmdrde4","portName":"array2"}]}},"inputData":{}},"h1iwwn6chvr":{"id":"h1iwwn6chvr","x":-1250,"y":3740,"type":"cardOptions","width":200,"connections":{"inputs":{"cards":[{"nodeId":"lz0snqd25ig","portName":":Card[]"}],"action:FunctionResult":[{"nodeId":"1ri584snz1q","portName":":FunctionResult"}]},"outputs":{"action_cards:Card[]":[{"nodeId":"i7vobmnzic","portName":"fromCards"},{"nodeId":"kc3rwj9kla","portName":"array"},{"nodeId":"0m01ok51ijr","portName":"array"}],":GameOption[]":[{"nodeId":"o1a8k684yti","portName":"options"}]}},"inputData":{}},"lz0snqd25ig":{"id":"lz0snqd25ig","x":-1500,"y":3740,"type":"filter","width":200,"connections":{"inputs":{"array":[{"nodeId":"qlncvnbtpgr","portName":":Card[]"}],"filter:boolean":[{"nodeId":"fbc43avw9v","portName":":boolean"}]},"outputs":{"filter_con:Card":[{"nodeId":"v853zhbw6tp","portName":"card"}],":Card[]":[{"nodeId":"h1iwwn6chvr","portName":"cards"}]}},"inputData":{}},"qlncvnbtpgr":{"id":"qlncvnbtpgr","x":-1750,"y":3740,"type":"getCardsOfCardStack","width":200,"connections":{"inputs":{"stack":[{"nodeId":"7tyhxu5xnfk","portName":":CardStack"}]},"outputs":{":Card[]":[{"nodeId":"lz0snqd25ig","portName":"array"}]}},"inputData":{}},"7tyhxu5xnfk":{"id":"7tyhxu5xnfk","x":-2000,"y":3740,"type":"getPlayerCardStack","width":200,"connections":{"inputs":{"id":[{"nodeId":"qvmnmgqvq1d","portName":":string"}],"player":[{"nodeId":"wyduet0r76f","portName":":Player"}]},"outputs":{":CardStack":[{"nodeId":"qlncvnbtpgr","portName":"stack"}]}},"inputData":{}},"qvmnmgqvq1d":{"id":"qvmnmgqvq1d","x":-2250,"y":3740,"type":"string","width":200,"connections":{"inputs":{},"outputs":{":string":[{"nodeId":"7tyhxu5xnfk","portName":"id"}]}},"inputData":{"string":{"string":"hand"}}},"wyduet0r76f":{"id":"wyduet0r76f","x":-2250,"y":3960,"type":"currentPlayer","width":200,"connections":{"inputs":{},"outputs":{":Player":[{"nodeId":"7tyhxu5xnfk","portName":"player"}]}},"inputData":{}},"fbc43avw9v":{"id":"fbc43avw9v","x":-1750,"y":4180,"type":"equals","width":200,"connections":{"inputs":{"value1":[{"nodeId":"v853zhbw6tp","portName":":string"}],"value2":[{"nodeId":"81zeizqwra3","portName":":string"}]},"outputs":{":boolean":[{"nodeId":"lz0snqd25ig","portName":"filter:boolean"}]}},"inputData":{}},"v853zhbw6tp":{"id":"v853zhbw6tp","x":-2000,"y":4180,"type":"cardType","width":200,"connections":{"inputs":{"typeName":[{"nodeId":"uicknxutasg","portName":":string"}],"card":[{"nodeId":"lz0snqd25ig","portName":"filter_con:Card"}]},"outputs":{":string":[{"nodeId":"fbc43avw9v","portName":"value1"}]}},"inputData":{}},"uicknxutasg":{"id":"uicknxutasg","x":-2250,"y":4180,"type":"string","width":200,"connections":{"inputs":{},"outputs":{":string":[{"nodeId":"v853zhbw6tp","portName":"typeName"}]}},"inputData":{"string":{"string":"type"}}},"81zeizqwra3":{"id":"81zeizqwra3","x":-2000,"y":4620,"type":"string","width":200,"connections":{"inputs":{},"outputs":{":string":[{"nodeId":"fbc43avw9v","portName":"value2"}]}},"inputData":{"string":{"string":"7"}}},"1ri584snz1q":{"id":"1ri584snz1q","x":-1500,"y":4840,"type":"sequential","width":200,"connections":{"inputs":{"func1":[{"nodeId":"i7vobmnzic","portName":":FunctionResult"}],"func2":[{"nodeId":"dhcr5hxhql5","portName":":FunctionResult"}],"func3":[{"nodeId":"8he1bw9cjuv","portName":":FunctionResult"}]},"outputs":{":FunctionResult":[{"nodeId":"h1iwwn6chvr","portName":"action:FunctionResult"}]}},"inputData":{}},"i7vobmnzic":{"id":"i7vobmnzic","x":-1750,"y":4840,"type":"moveCards","width":200,"connections":{"inputs":{"from":[{"nodeId":"z1i6mhfd1tn","portName":":CardStack"}],"to":[{"nodeId":"2lr667cieel","portName":":CardStack"}],"fromCards":[{"nodeId":"h1iwwn6chvr","portName":"action_cards:Card[]"}]},"outputs":{":FunctionResult":[{"nodeId":"1ri584snz1q","portName":"func1"}]}},"inputData":{}},"z1i6mhfd1tn":{"id":"z1i6mhfd1tn","x":-2000,"y":4840,"type":"getPlayerCardStack","width":200,"connections":{"inputs":{"id":[{"nodeId":"2zgq4l3jhe2","portName":":string"}],"player":[{"nodeId":"nroi2hat5vp","portName":":Player"}]},"outputs":{":CardStack":[{"nodeId":"i7vobmnzic","portName":"from"}]}},"inputData":{}},"2zgq4l3jhe2":{"id":"2zgq4l3jhe2","x":-2250,"y":4840,"type":"string","width":200,"connections":{"inputs":{},"outputs":{":string":[{"nodeId":"z1i6mhfd1tn","portName":"id"}]}},"inputData":{"string":{"string":"hand"}}},"nroi2hat5vp":{"id":"nroi2hat5vp","x":-2250,"y":5060,"type":"currentPlayer","width":200,"connections":{"inputs":{},"outputs":{":Player":[{"nodeId":"z1i6mhfd1tn","portName":"player"}]}},"inputData":{}},"2lr667cieel":{"id":"2lr667cieel","x":-2000,"y":5280,"type":"getGlobalCardStack","width":200,"connections":{"inputs":{"id":[{"nodeId":"07mf07e93x1l","portName":":string"}]},"outputs":{":CardStack":[{"nodeId":"i7vobmnzic","portName":"to"}]}},"inputData":{}},"07mf07e93x1l":{"id":"07mf07e93x1l","x":-2250,"y":5280,"type":"string","width":200,"connections":{"inputs":{},"outputs":{":string":[{"nodeId":"2lr667cieel","portName":"id"}]}},"inputData":{"string":{"string":"main"}}},"dhcr5hxhql5":{"id":"dhcr5hxhql5","x":-1750,"y":5720,"type":"setGameVariable","width":200,"connections":{"inputs":{"id":[{"nodeId":"h1h3oigr71i","portName":":string"}],"value":[{"nodeId":"iwdthvrw5zh","portName":":string"}]},"outputs":{":FunctionResult":[{"nodeId":"1ri584snz1q","portName":"func2"}]}},"inputData":{}},"h1h3oigr71i":{"id":"h1h3oigr71i","x":-2000,"y":5720,"type":"string","width":200,"connections":{"inputs":{},"outputs":{":string":[{"nodeId":"dhcr5hxhql5","portName":"id"}]}},"inputData":{"string":{"string":"lastFace"}}},"iwdthvrw5zh":{"id":"iwdthvrw5zh","x":-2000,"y":5940,"type":"cardType","width":200,"connections":{"inputs":{"typeName":[{"nodeId":"5cqnrwqqg5b","portName":":string"}],"card":[{"nodeId":"kc3rwj9kla","portName":":Card"}]},"outputs":{":string":[{"nodeId":"dhcr5hxhql5","portName":"value"}]}},"inputData":{}},"5cqnrwqqg5b":{"id":"5cqnrwqqg5b","x":-2250,"y":5940,"type":"string","width":200,"connections":{"inputs":{},"outputs":{":string":[{"nodeId":"iwdthvrw5zh","portName":"typeName"}]}},"inputData":{"string":{"string":"face"}}},"kc3rwj9kla":{"id":"kc3rwj9kla","x":-2250,"y":6160,"type":"first","width":200,"connections":{"inputs":{"array":[{"nodeId":"h1iwwn6chvr","portName":"action_cards:Card[]"}]},"outputs":{":Card":[{"nodeId":"iwdthvrw5zh","portName":"card"}]}},"inputData":{}},"8he1bw9cjuv":{"id":"8he1bw9cjuv","x":-1750,"y":6380,"type":"runAction","width":200,"connections":{"inputs":{"actionName":[{"nodeId":"ahktn4ouofc","portName":":string"}]},"outputs":{":FunctionResult":[{"nodeId":"1ri584snz1q","portName":"func3"}]}},"inputData":{}},"ahktn4ouofc":{"id":"ahktn4ouofc","x":-2000,"y":6380,"type":"add","width":200,"connections":{"inputs":{"summand1":[{"nodeId":"ysyfslxba8","portName":":string"}],"summand2":[{"nodeId":"kyzhiaqlkvj","portName":":string"}]},"outputs":{":string":[{"nodeId":"8he1bw9cjuv","portName":"actionName"}]}},"inputData":{}},"ysyfslxba8":{"id":"ysyfslxba8","x":-2250,"y":6380,"type":"string","width":200,"connections":{"inputs":{},"outputs":{":string":[{"nodeId":"ahktn4ouofc","portName":"summand1"}]}},"inputData":{"string":{"string":"play"}}},"kyzhiaqlkvj":{"id":"kyzhiaqlkvj","x":-2250,"y":6600,"type":"cardType","width":200,"connections":{"inputs":{"typeName":[{"nodeId":"jtmbutibje","portName":":string"}],"card":[{"nodeId":"0m01ok51ijr","portName":":Card"}]},"outputs":{":string":[{"nodeId":"ahktn4ouofc","portName":"summand2"}]}},"inputData":{}},"jtmbutibje":{"id":"jtmbutibje","x":-2500,"y":6600,"type":"string","width":200,"connections":{"inputs":{},"outputs":{":string":[{"nodeId":"kyzhiaqlkvj","portName":"typeName"}]}},"inputData":{"string":{"string":"type"}}},"0m01ok51ijr":{"id":"0m01ok51ijr","x":-2500,"y":6820,"type":"first","width":200,"connections":{"inputs":{"array":[{"nodeId":"h1iwwn6chvr","portName":"action_cards:Card[]"}]},"outputs":{":Card":[{"nodeId":"kyzhiaqlkvj","portName":"card"}]}},"inputData":{}},"zvqrg4xhwk":{"id":"zvqrg4xhwk","x":-1250,"y":7040,"type":"ToArray","width":200,"connections":{"inputs":{"value1":[{"nodeId":"goe20kncl4","portName":":CardStack"}]},"outputs":{":CardStack[]":[{"nodeId":"o1a8k684yti","portName":"targets"}]}},"inputData":{}},"goe20kncl4":{"id":"goe20kncl4","x":-1500,"y":7040,"type":"getGlobalCardStack","width":200,"connections":{"inputs":{"id":[{"nodeId":"p1mffe60a4h","portName":":string"}]},"outputs":{":CardStack":[{"nodeId":"zvqrg4xhwk","portName":"value1"}]}},"inputData":{}},"p1mffe60a4h":{"id":"p1mffe60a4h","x":-1750,"y":7040,"type":"string","width":200,"connections":{"inputs":{},"outputs":{":string":[{"nodeId":"goe20kncl4","portName":"id"}]}},"inputData":{"string":{"string":"main"}}}},"comments":{}},"choice":{"nodes":{"dfxau1kx0b":{"x":0,"y":0,"type":"GameLogic","width":200,"connections":{"inputs":{"FunctionResult":[{"nodeId":"mki8xb5roga","portName":":FunctionResult"}]},"outputs":{}},"inputData":{"FunctionResult":{}},"root":true,"id":"dfxau1kx0b"},"mki8xb5roga":{"id":"mki8xb5roga","x":-250,"y":0,"type":"choose","width":200,"connections":{"inputs":{"player":[{"nodeId":"ascgtkew0lt","portName":":Player"}],"options":[{"nodeId":"zvu9jeh37sk","portName":":GameOption[]"}]},"outputs":{":FunctionResult":[{"nodeId":"dfxau1kx0b","portName":"FunctionResult"}]}},"inputData":{}},"ascgtkew0lt":{"id":"ascgtkew0lt","x":-500,"y":0,"type":"currentPlayer","width":200,"connections":{"inputs":{},"outputs":{":Player":[{"nodeId":"mki8xb5roga","portName":"player"}]}},"inputData":{}},"zvu9jeh37sk":{"id":"zvu9jeh37sk","x":-500,"y":220,"type":"concat","width":200,"connections":{"inputs":{"array1":[{"nodeId":"8br29vohir7","portName":":GameOption[]"}],"array2":[{"nodeId":"ougijsd4z8","portName":":GameOption[]"}]},"outputs":{":GameOption[]":[{"nodeId":"mki8xb5roga","portName":"options"}]}},"inputData":{}},"8br29vohir7":{"id":"8br29vohir7","x":-750,"y":220,"type":"iff","width":200,"connections":{"inputs":{"condition":[{"nodeId":"e4pzf7m6epw","portName":":boolean"}],"yes":[{"nodeId":"grmzf7i0eun","portName":":GameOption[]"}],"no":[{"nodeId":"gp2ywljmexr","portName":":GameOption[]"}]},"outputs":{":GameOption[]":[{"nodeId":"zvu9jeh37sk","portName":"array1"}]}},"inputData":{}},"e4pzf7m6epw":{"id":"e4pzf7m6epw","x":-1000,"y":220,"type":"equals","width":200,"connections":{"inputs":{"value1":[{"nodeId":"wj327uf4n9p","portName":":number"}],"value2":[{"nodeId":"6y7btko52vu","portName":":number"}]},"outputs":{":boolean":[{"nodeId":"8br29vohir7","portName":"condition"}]}},"inputData":{}},"wj327uf4n9p":{"id":"wj327uf4n9p","x":-1250,"y":220,"type":"number","width":200,"connections":{"inputs":{},"outputs":{":number":[{"nodeId":"e4pzf7m6epw","portName":"value1"}]}},"inputData":{"number":{"number":1}}},"6y7btko52vu":{"id":"6y7btko52vu","x":-1250,"y":440,"type":"add","width":200,"connections":{"inputs":{"summand1":[{"nodeId":"gzn6j2c9ex5","portName":":number"}],"summand2":[{"nodeId":"th19bj8w6q","portName":":number"}]},"outputs":{":number":[{"nodeId":"e4pzf7m6epw","portName":"value2"}]}},"inputData":{}},"gzn6j2c9ex5":{"id":"gzn6j2c9ex5","x":-1500,"y":440,"type":"length","width":200,"connections":{"inputs":{"array":[{"nodeId":"gu6as7k77ko","portName":":Card[]"}]},"outputs":{":number":[{"nodeId":"6y7btko52vu","portName":"summand1"}]}},"inputData":{}},"gu6as7k77ko":{"id":"gu6as7k77ko","x":-1750,"y":440,"type":"getCardsOfCardStack","width":200,"connections":{"inputs":{"stack":[{"nodeId":"fxzsel6e48p","portName":":CardStack"}]},"outputs":{":Card[]":[{"nodeId":"gzn6j2c9ex5","portName":"array"}]}},"inputData":{}},"fxzsel6e48p":{"id":"fxzsel6e48p","x":-2000,"y":440,"type":"getGlobalCardStack","width":200,"connections":{"inputs":{"id":[{"nodeId":"p29moeolxh8","portName":":string"}]},"outputs":{":CardStack":[{"nodeId":"gu6as7k77ko","portName":"stack"}]}},"inputData":{}},"p29moeolxh8":{"id":"p29moeolxh8","x":-2250,"y":440,"type":"string","width":200,"connections":{"inputs":{},"outputs":{":string":[{"nodeId":"fxzsel6e48p","portName":"id"}]}},"inputData":{"string":{"string":"draw"}}},"th19bj8w6q":{"id":"th19bj8w6q","x":-1500,"y":660,"type":"length","width":200,"connections":{"inputs":{"array":[{"nodeId":"jk8gu0vi61","portName":":Card[]"}]},"outputs":{":number":[{"nodeId":"6y7btko52vu","portName":"summand2"}]}},"inputData":{}},"jk8gu0vi61":{"id":"jk8gu0vi61","x":-1750,"y":660,"type":"getCardsOfCardStack","width":200,"connections":{"inputs":{"stack":[{"nodeId":"gjuscioh3i5","portName":":CardStack"}]},"outputs":{":Card[]":[{"nodeId":"th19bj8w6q","portName":"array"}]}},"inputData":{}},"gjuscioh3i5":{"id":"gjuscioh3i5","x":-2000,"y":660,"type":"getGlobalCardStack","width":200,"connections":{"inputs":{"id":[{"nodeId":"04l4qz24h519","portName":":string"}]},"outputs":{":CardStack":[{"nodeId":"jk8gu0vi61","portName":"stack"}]}},"inputData":{}},"04l4qz24h519":{"id":"04l4qz24h519","x":-2250,"y":660,"type":"string","width":200,"connections":{"inputs":{},"outputs":{":string":[{"nodeId":"gjuscioh3i5","portName":"id"}]}},"inputData":{"string":{"string":"main"}}},"grmzf7i0eun":{"id":"grmzf7i0eun","x":-1000,"y":880,"type":"emptyOptions","width":200,"connections":{"inputs":{},"outputs":{":GameOption[]":[{"nodeId":"8br29vohir7","portName":"yes"}]}},"inputData":{}},"gp2ywljmexr":{"id":"gp2ywljmexr","x":-1000,"y":1100,"type":"addCardStackTargets","width":200,"connections":{"inputs":{"options":[{"nodeId":"caw0vnv5kjp","portName":":GameOption[]"}],"targets":[{"nodeId":"3c5te3gal2","portName":":CardStack[]"}]},"outputs":{":GameOption[]":[{"nodeId":"8br29vohir7","portName":"no"}]}},"inputData":{}},"caw0vnv5kjp":{"id":"caw0vnv5kjp","x":-1250,"y":1100,"type":"cardOptions","width":200,"connections":{"inputs":{"cards":[{"nodeId":"em69xoyvhkc","portName":":Card[]"}],"action:FunctionResult":[{"nodeId":"c2c5sp4f7n","portName":":FunctionResult"}]},"outputs":{":GameOption[]":[{"nodeId":"gp2ywljmexr","portName":"options"}]}},"inputData":{}},"em69xoyvhkc":{"id":"em69xoyvhkc","x":-1500,"y":1100,"type":"topCards","width":200,"connections":{"inputs":{"stack":[{"nodeId":"difmcw32e1i","portName":":CardStack"}]},"outputs":{":Card[]":[{"nodeId":"caw0vnv5kjp","portName":"cards"}]}},"inputData":{}},"difmcw32e1i":{"id":"difmcw32e1i","x":-1750,"y":1100,"type":"getGlobalCardStack","width":200,"connections":{"inputs":{"id":[{"nodeId":"3c7dobqacpy","portName":":string"}]},"outputs":{":CardStack":[{"nodeId":"em69xoyvhkc","portName":"stack"}]}},"inputData":{}},"3c7dobqacpy":{"id":"3c7dobqacpy","x":-2000,"y":1100,"type":"string","width":200,"connections":{"inputs":{},"outputs":{":string":[{"nodeId":"difmcw32e1i","portName":"id"}]}},"inputData":{"string":{"string":"draw"}}},"c2c5sp4f7n":{"id":"c2c5sp4f7n","x":-1500,"y":1320,"type":"sequential","width":200,"connections":{"inputs":{"func1":[{"nodeId":"lzkk671yt7","portName":":FunctionResult"}]},"outputs":{":FunctionResult":[{"nodeId":"caw0vnv5kjp","portName":"action:FunctionResult"}]}},"inputData":{}},"lzkk671yt7":{"id":"lzkk671yt7","x":-1750,"y":1320,"type":"moveCards","width":200,"connections":{"inputs":{"from":[{"nodeId":"nr0p6a56m4r","portName":":CardStack"}],"to":[{"nodeId":"5o7ksp8e0aj","portName":":CardStack"}],"fromCards":[{"nodeId":"ycem9a4iwch","portName":":Card[]"}]},"outputs":{":FunctionResult":[{"nodeId":"c2c5sp4f7n","portName":"func1"}]}},"inputData":{}},"nr0p6a56m4r":{"id":"nr0p6a56m4r","x":-2000,"y":1320,"type":"getGlobalCardStack","width":200,"connections":{"inputs":{"id":[{"nodeId":"hi0ajd05hwu","portName":":string"}]},"outputs":{":CardStack":[{"nodeId":"lzkk671yt7","portName":"from"}]}},"inputData":{}},"hi0ajd05hwu":{"id":"hi0ajd05hwu","x":-2250,"y":1320,"type":"string","width":200,"connections":{"inputs":{},"outputs":{":string":[{"nodeId":"nr0p6a56m4r","portName":"id"}]}},"inputData":{"string":{"string":"draw"}}},"5o7ksp8e0aj":{"id":"5o7ksp8e0aj","x":-2000,"y":1540,"type":"getPlayerCardStack","width":200,"connections":{"inputs":{"id":[{"nodeId":"qmwovdoc0jc","portName":":string"}],"player":[{"nodeId":"b6qx4dd8dju","portName":":Player"}]},"outputs":{":CardStack":[{"nodeId":"lzkk671yt7","portName":"to"}]}},"inputData":{}},"qmwovdoc0jc":{"id":"qmwovdoc0jc","x":-2250,"y":1540,"type":"string","width":200,"connections":{"inputs":{},"outputs":{":string":[{"nodeId":"5o7ksp8e0aj","portName":"id"}]}},"inputData":{"string":{"string":"hand"}}},"b6qx4dd8dju":{"id":"b6qx4dd8dju","x":-2250,"y":1760,"type":"currentPlayer","width":200,"connections":{"inputs":{},"outputs":{":Player":[{"nodeId":"5o7ksp8e0aj","portName":"player"}]}},"inputData":{}},"ycem9a4iwch":{"id":"ycem9a4iwch","x":-2000,"y":1980,"type":"topCards","width":200,"connections":{"inputs":{"stack":[{"nodeId":"c5zulrg9gp7","portName":":CardStack"}]},"outputs":{":Card[]":[{"nodeId":"lzkk671yt7","portName":"fromCards"}]}},"inputData":{}},"c5zulrg9gp7":{"id":"c5zulrg9gp7","x":-2250,"y":1980,"type":"getGlobalCardStack","width":200,"connections":{"inputs":{"id":[{"nodeId":"j0mylnfg7k","portName":":string"}]},"outputs":{":CardStack":[{"nodeId":"ycem9a4iwch","portName":"stack"}]}},"inputData":{}},"j0mylnfg7k":{"id":"j0mylnfg7k","x":-2500,"y":1980,"type":"string","width":200,"connections":{"inputs":{},"outputs":{":string":[{"nodeId":"c5zulrg9gp7","portName":"id"}]}},"inputData":{"string":{"string":"draw"}}},"3c5te3gal2":{"id":"3c5te3gal2","x":-1250,"y":2200,"type":"ToArray","width":200,"connections":{"inputs":{"value1":[{"nodeId":"lzdz5tyzrw","portName":":CardStack"}]},"outputs":{":CardStack[]":[{"nodeId":"gp2ywljmexr","portName":"targets"}]}},"inputData":{}},"lzdz5tyzrw":{"id":"lzdz5tyzrw","x":-1500,"y":2200,"type":"getPlayerCardStack","width":200,"connections":{"inputs":{"id":[{"nodeId":"whqf55w26ib","portName":":string"}],"player":[{"nodeId":"dhv37skv7y","portName":":Player"}]},"outputs":{":CardStack":[{"nodeId":"3c5te3gal2","portName":"value1"}]}},"inputData":{}},"whqf55w26ib":{"id":"whqf55w26ib","x":-1750,"y":2200,"type":"string","width":200,"connections":{"inputs":{},"outputs":{":string":[{"nodeId":"lzdz5tyzrw","portName":"id"}]}},"inputData":{"string":{"string":"hand"}}},"dhv37skv7y":{"id":"dhv37skv7y","x":-1750,"y":2420,"type":"currentPlayer","width":200,"connections":{"inputs":{},"outputs":{":Player":[{"nodeId":"lzdz5tyzrw","portName":"player"}]}},"inputData":{}},"ougijsd4z8":{"id":"ougijsd4z8","x":-750,"y":2640,"type":"addCardStackTargets","width":200,"connections":{"inputs":{"options":[{"nodeId":"ef1h5qbzt9r","portName":":GameOption[]"}],"targets":[{"nodeId":"ft4gbwobp04","portName":":CardStack[]"}]},"outputs":{":GameOption[]":[{"nodeId":"zvu9jeh37sk","portName":"array2"}]}},"inputData":{}},"ef1h5qbzt9r":{"id":"ef1h5qbzt9r","x":-1000,"y":2640,"type":"cardOptions","width":200,"connections":{"inputs":{"cards":[{"nodeId":"56ene9b8uki","portName":":Card[]"}],"action:FunctionResult":[{"nodeId":"w7hjdhc3s5","portName":":FunctionResult"}]},"outputs":{"action_cards:Card[]":[{"nodeId":"qgj09zxdcid","portName":"array"},{"nodeId":"s9llxbgq0kq","portName":"array"},{"nodeId":"hcbjddu7xdu","portName":"fromCards"}],":GameOption[]":[{"nodeId":"ougijsd4z8","portName":"options"}]}},"inputData":{}},"56ene9b8uki":{"id":"56ene9b8uki","x":-1250,"y":2640,"type":"filter","width":200,"connections":{"inputs":{"array":[{"nodeId":"yyk9pfhxux","portName":":Card[]"}],"filter:boolean":[{"nodeId":"x37wylubnx","portName":":boolean"}]},"outputs":{"filter_con:Card":[{"nodeId":"li2h2ye5xu","portName":"card"},{"nodeId":"zaqczevk8s","portName":"card"},{"nodeId":"rnag8v12c5k","portName":"card"}],":Card[]":[{"nodeId":"ef1h5qbzt9r","portName":"cards"}]}},"inputData":{}},"yyk9pfhxux":{"id":"yyk9pfhxux","x":-1500,"y":2640,"type":"getCardsOfCardStack","width":200,"connections":{"inputs":{"stack":[{"nodeId":"rzbg4sndoe","portName":":CardStack"}]},"outputs":{":Card[]":[{"nodeId":"56ene9b8uki","portName":"array"}]}},"inputData":{}},"rzbg4sndoe":{"id":"rzbg4sndoe","x":-1750,"y":2640,"type":"getPlayerCardStack","width":200,"connections":{"inputs":{"id":[{"nodeId":"56uxmj7l65t","portName":":string"}],"player":[{"nodeId":"t6o6meyexa","portName":":Player"}]},"outputs":{":CardStack":[{"nodeId":"yyk9pfhxux","portName":"stack"}]}},"inputData":{}},"56uxmj7l65t":{"id":"56uxmj7l65t","x":-2000,"y":2640,"type":"string","width":200,"connections":{"inputs":{},"outputs":{":string":[{"nodeId":"rzbg4sndoe","portName":"id"}]}},"inputData":{"string":{"string":"hand"}}},"t6o6meyexa":{"id":"t6o6meyexa","x":-2000,"y":2860,"type":"currentPlayer","width":200,"connections":{"inputs":{},"outputs":{":Player":[{"nodeId":"rzbg4sndoe","portName":"player"}]}},"inputData":{}},"x37wylubnx":{"id":"x37wylubnx","x":-1500,"y":3080,"type":"or","width":200,"connections":{"inputs":{"value1":[{"nodeId":"xnlvgxjo4s","portName":":boolean"}],"value2":[{"nodeId":"fiwbpcx1b68","portName":":boolean"}],"value3":[{"nodeId":"h7ditmffvdt","portName":":boolean"}]},"outputs":{":boolean":[{"nodeId":"56ene9b8uki","portName":"filter:boolean"}]}},"inputData":{}},"xnlvgxjo4s":{"id":"xnlvgxjo4s","x":-1750,"y":3080,"type":"equals","width":200,"connections":{"inputs":{"value1":[{"nodeId":"li2h2ye5xu","portName":":string"}],"value2":[{"nodeId":"yntg5b8om1a","portName":":string"}]},"outputs":{":boolean":[{"nodeId":"x37wylubnx","portName":"value1"}]}},"inputData":{}},"li2h2ye5xu":{"id":"li2h2ye5xu","x":-2000,"y":3080,"type":"cardType","width":200,"connections":{"inputs":{"typeName":[{"nodeId":"dkadv43p7cf","portName":":string"}],"card":[{"nodeId":"56ene9b8uki","portName":"filter_con:Card"}]},"outputs":{":string":[{"nodeId":"xnlvgxjo4s","portName":"value1"}]}},"inputData":{}},"dkadv43p7cf":{"id":"dkadv43p7cf","x":-2250,"y":3080,"type":"string","width":200,"connections":{"inputs":{},"outputs":{":string":[{"nodeId":"li2h2ye5xu","portName":"typeName"}]}},"inputData":{"string":{"string":"face"}}},"yntg5b8om1a":{"id":"yntg5b8om1a","x":-2000,"y":3520,"type":"ToString","width":200,"connections":{"inputs":{"x":[{"nodeId":"ce60emjyfne","portName":":Variable"}]},"outputs":{":string":[{"nodeId":"xnlvgxjo4s","portName":"value2"}]}},"inputData":{}},"ce60emjyfne":{"id":"ce60emjyfne","x":-2250,"y":3520,"type":"getGameVariable","width":200,"connections":{"inputs":{"id":[{"nodeId":"qnawlig97cg","portName":":string"}]},"outputs":{":Variable":[{"nodeId":"yntg5b8om1a","portName":"x"}]}},"inputData":{}},"qnawlig97cg":{"id":"qnawlig97cg","x":-2500,"y":3520,"type":"string","width":200,"connections":{"inputs":{},"outputs":{":string":[{"nodeId":"ce60emjyfne","portName":"id"}]}},"inputData":{"string":{"string":"lastFace"}}},"fiwbpcx1b68":{"id":"fiwbpcx1b68","x":-1750,"y":3740,"type":"equals","width":200,"connections":{"inputs":{"value1":[{"nodeId":"zaqczevk8s","portName":":string"}],"value2":[{"nodeId":"dvfera7it7p","portName":":string"}]},"outputs":{":boolean":[{"nodeId":"x37wylubnx","portName":"value2"}]}},"inputData":{}},"zaqczevk8s":{"id":"zaqczevk8s","x":-2000,"y":3740,"type":"cardType","width":200,"connections":{"inputs":{"typeName":[{"nodeId":"s4llsf5efyj","portName":":string"}],"card":[{"nodeId":"56ene9b8uki","portName":"filter_con:Card"}]},"outputs":{":string":[{"nodeId":"fiwbpcx1b68","portName":"value1"}]}},"inputData":{}},"s4llsf5efyj":{"id":"s4llsf5efyj","x":-2250,"y":3740,"type":"string","width":200,"connections":{"inputs":{},"outputs":{":string":[{"nodeId":"zaqczevk8s","portName":"typeName"}]}},"inputData":{"string":{"string":"type"}}},"dvfera7it7p":{"id":"dvfera7it7p","x":-2000,"y":4180,"type":"cardType","width":200,"connections":{"inputs":{"typeName":[{"nodeId":"wmak2td0eb","portName":":string"}],"card":[{"nodeId":"nsu0uef16ft","portName":":Card"}]},"outputs":{":string":[{"nodeId":"fiwbpcx1b68","portName":"value2"}]}},"inputData":{}},"wmak2td0eb":{"id":"wmak2td0eb","x":-2250,"y":4180,"type":"string","width":200,"connections":{"inputs":{},"outputs":{":string":[{"nodeId":"dvfera7it7p","portName":"typeName"}]}},"inputData":{"string":{"string":"type"}}},"nsu0uef16ft":{"id":"nsu0uef16ft","x":-2250,"y":4400,"type":"first","width":200,"connections":{"inputs":{"array":[{"nodeId":"cupf64xrk8i","portName":":Card[]"}]},"outputs":{":Card":[{"nodeId":"dvfera7it7p","portName":"card"}]}},"inputData":{}},"cupf64xrk8i":{"id":"cupf64xrk8i","x":-2500,"y":4400,"type":"topCards","width":200,"connections":{"inputs":{"stack":[{"nodeId":"2mz21dhay93","portName":":CardStack"}]},"outputs":{":Card[]":[{"nodeId":"nsu0uef16ft","portName":"array"}]}},"inputData":{}},"2mz21dhay93":{"id":"2mz21dhay93","x":-2750,"y":4400,"type":"getGlobalCardStack","width":200,"connections":{"inputs":{"id":[{"nodeId":"rvpli7m8q4a","portName":":string"}]},"outputs":{":CardStack":[{"nodeId":"cupf64xrk8i","portName":"stack"}]}},"inputData":{}},"rvpli7m8q4a":{"id":"rvpli7m8q4a","x":-3000,"y":4400,"type":"string","width":200,"connections":{"inputs":{},"outputs":{":string":[{"nodeId":"2mz21dhay93","portName":"id"}]}},"inputData":{"string":{"string":"main"}}},"h7ditmffvdt":{"id":"h7ditmffvdt","x":-1750,"y":4620,"type":"equals","width":200,"connections":{"inputs":{"value1":[{"nodeId":"rnag8v12c5k","portName":":string"}],"value2":[{"nodeId":"nyvcxme4gb","portName":":string"}]},"outputs":{":boolean":[{"nodeId":"x37wylubnx","portName":"value3"}]}},"inputData":{}},"rnag8v12c5k":{"id":"rnag8v12c5k","x":-2000,"y":4620,"type":"cardType","width":200,"connections":{"inputs":{"typeName":[{"nodeId":"6k74t7m0u","portName":":string"}],"card":[{"nodeId":"56ene9b8uki","portName":"filter_con:Card"}]},"outputs":{":string":[{"nodeId":"h7ditmffvdt","portName":"value1"}]}},"inputData":{}},"6k74t7m0u":{"id":"6k74t7m0u","x":-2250,"y":4620,"type":"string","width":200,"connections":{"inputs":{},"outputs":{":string":[{"nodeId":"rnag8v12c5k","portName":"typeName"}]}},"inputData":{"string":{"string":"type"}}},"nyvcxme4gb":{"id":"nyvcxme4gb","x":-2000,"y":5060,"type":"string","width":200,"connections":{"inputs":{},"outputs":{":string":[{"nodeId":"h7ditmffvdt","portName":"value2"}]}},"inputData":{"string":{"string":"J"}}},"w7hjdhc3s5":{"id":"w7hjdhc3s5","x":-1250,"y":5280,"type":"sequential","width":200,"connections":{"inputs":{"func1":[{"nodeId":"o9w0evi7p1p","portName":":FunctionResult"}],"func2":[{"nodeId":"xd0zuzjcy7q","portName":":FunctionResult"}],"func3":[{"nodeId":"hcbjddu7xdu","portName":":FunctionResult"}]},"outputs":{":FunctionResult":[{"nodeId":"ef1h5qbzt9r","portName":"action:FunctionResult"}]}},"inputData":{}},"o9w0evi7p1p":{"id":"o9w0evi7p1p","x":-1500,"y":5280,"type":"setGameVariable","width":200,"connections":{"inputs":{"id":[{"nodeId":"6tt5q90f6ua","portName":":string"}],"value":[{"nodeId":"mz5pfyg4mi","portName":":string"}]},"outputs":{":FunctionResult":[{"nodeId":"w7hjdhc3s5","portName":"func1"}]}},"inputData":{}},"6tt5q90f6ua":{"id":"6tt5q90f6ua","x":-1750,"y":5280,"type":"string","width":200,"connections":{"inputs":{},"outputs":{":string":[{"nodeId":"o9w0evi7p1p","portName":"id"}]}},"inputData":{"string":{"string":"lastFace"}}},"mz5pfyg4mi":{"id":"mz5pfyg4mi","x":-1750,"y":5500,"type":"cardType","width":200,"connections":{"inputs":{"typeName":[{"nodeId":"mqew2v50zoo","portName":":string"}],"card":[{"nodeId":"qgj09zxdcid","portName":":Card"}]},"outputs":{":string":[{"nodeId":"o9w0evi7p1p","portName":"value"}]}},"inputData":{}},"mqew2v50zoo":{"id":"mqew2v50zoo","x":-2000,"y":5500,"type":"string","width":200,"connections":{"inputs":{},"outputs":{":string":[{"nodeId":"mz5pfyg4mi","portName":"typeName"}]}},"inputData":{"string":{"string":"face"}}},"qgj09zxdcid":{"id":"qgj09zxdcid","x":-2000,"y":5720,"type":"first","width":200,"connections":{"inputs":{"array":[{"nodeId":"ef1h5qbzt9r","portName":"action_cards:Card[]"}]},"outputs":{":Card":[{"nodeId":"mz5pfyg4mi","portName":"card"}]}},"inputData":{}},"xd0zuzjcy7q":{"id":"xd0zuzjcy7q","x":-1500,"y":5940,"type":"runAction","width":200,"connections":{"inputs":{"actionName":[{"nodeId":"cc4uwezf8m","portName":":string"}]},"outputs":{":FunctionResult":[{"nodeId":"w7hjdhc3s5","portName":"func2"}]}},"inputData":{}},"cc4uwezf8m":{"id":"cc4uwezf8m","x":-1750,"y":5940,"type":"add","width":200,"connections":{"inputs":{"summand1":[{"nodeId":"6mn2xo9qpm7","portName":":string"}],"summand2":[{"nodeId":"opxjpz7t7n","portName":":string"}]},"outputs":{":string":[{"nodeId":"xd0zuzjcy7q","portName":"actionName"}]}},"inputData":{}},"6mn2xo9qpm7":{"id":"6mn2xo9qpm7","x":-2000,"y":5940,"type":"string","width":200,"connections":{"inputs":{},"outputs":{":string":[{"nodeId":"cc4uwezf8m","portName":"summand1"}]}},"inputData":{"string":{"string":"play"}}},"opxjpz7t7n":{"id":"opxjpz7t7n","x":-2000,"y":6160,"type":"cardType","width":200,"connections":{"inputs":{"typeName":[{"nodeId":"wt20xp0rfkm","portName":":string"}],"card":[{"nodeId":"s9llxbgq0kq","portName":":Card"}]},"outputs":{":string":[{"nodeId":"cc4uwezf8m","portName":"summand2"}]}},"inputData":{}},"wt20xp0rfkm":{"id":"wt20xp0rfkm","x":-2250,"y":6160,"type":"string","width":200,"connections":{"inputs":{},"outputs":{":string":[{"nodeId":"opxjpz7t7n","portName":"typeName"}]}},"inputData":{"string":{"string":"type"}}},"s9llxbgq0kq":{"id":"s9llxbgq0kq","x":-2250,"y":6380,"type":"first","width":200,"connections":{"inputs":{"array":[{"nodeId":"ef1h5qbzt9r","portName":"action_cards:Card[]"}]},"outputs":{":Card":[{"nodeId":"opxjpz7t7n","portName":"card"}]}},"inputData":{}},"hcbjddu7xdu":{"id":"hcbjddu7xdu","x":-1500,"y":6600,"type":"moveCards","width":200,"connections":{"inputs":{"from":[{"nodeId":"lfcmbjgsm67","portName":":CardStack"}],"to":[{"nodeId":"l0vmvopgo9f","portName":":CardStack"}],"fromCards":[{"nodeId":"ef1h5qbzt9r","portName":"action_cards:Card[]"}]},"outputs":{":FunctionResult":[{"nodeId":"w7hjdhc3s5","portName":"func3"}]}},"inputData":{}},"lfcmbjgsm67":{"id":"lfcmbjgsm67","x":-1750,"y":6600,"type":"getPlayerCardStack","width":200,"connections":{"inputs":{"id":[{"nodeId":"63t8e8bl68u","portName":":string"}],"player":[{"nodeId":"7lqqc2mvz7u","portName":":Player"}]},"outputs":{":CardStack":[{"nodeId":"hcbjddu7xdu","portName":"from"}]}},"inputData":{}},"63t8e8bl68u":{"id":"63t8e8bl68u","x":-2000,"y":6600,"type":"string","width":200,"connections":{"inputs":{},"outputs":{":string":[{"nodeId":"lfcmbjgsm67","portName":"id"}]}},"inputData":{"string":{"string":"hand"}}},"7lqqc2mvz7u":{"id":"7lqqc2mvz7u","x":-2000,"y":6820,"type":"currentPlayer","width":200,"connections":{"inputs":{},"outputs":{":Player":[{"nodeId":"lfcmbjgsm67","portName":"player"}]}},"inputData":{}},"l0vmvopgo9f":{"id":"l0vmvopgo9f","x":-1750,"y":7040,"type":"getGlobalCardStack","width":200,"connections":{"inputs":{"id":[{"nodeId":"p30t3i6g91n","portName":":string"}]},"outputs":{":CardStack":[{"nodeId":"hcbjddu7xdu","portName":"to"}]}},"inputData":{}},"p30t3i6g91n":{"id":"p30t3i6g91n","x":-2000,"y":7040,"type":"string","width":200,"connections":{"inputs":{},"outputs":{":string":[{"nodeId":"l0vmvopgo9f","portName":"id"}]}},"inputData":{"string":{"string":"main"}}},"ft4gbwobp04":{"id":"ft4gbwobp04","x":-1000,"y":7480,"type":"ToArray","width":200,"connections":{"inputs":{"value1":[{"nodeId":"v17ncawwjv","portName":":CardStack"}]},"outputs":{":CardStack[]":[{"nodeId":"ougijsd4z8","portName":"targets"}]}},"inputData":{}},"v17ncawwjv":{"id":"v17ncawwjv","x":-1250,"y":7480,"type":"getGlobalCardStack","width":200,"connections":{"inputs":{"id":[{"nodeId":"7n6cyt1buvh","portName":":string"}]},"outputs":{":CardStack":[{"nodeId":"ft4gbwobp04","portName":"value1"}]}},"inputData":{}},"7n6cyt1buvh":{"id":"7n6cyt1buvh","x":-1500,"y":7480,"type":"string","width":200,"connections":{"inputs":{},"outputs":{":string":[{"nodeId":"v17ncawwjv","portName":"id"}]}},"inputData":{"string":{"string":"main"}}}},"comments":{}},"main":{"nodes":{"e71sfhyr00v":{"x":0,"y":0,"type":"GameLogic","width":200,"connections":{"inputs":{"FunctionResult":[{"nodeId":"942odbi1nt","portName":":FunctionResult"}]},"outputs":{}},"inputData":{"FunctionResult":{}},"root":true,"id":"e71sfhyr00v"},"942odbi1nt":{"id":"942odbi1nt","x":-250,"y":0,"type":"iff","width":200,"connections":{"inputs":{"condition":[{"nodeId":"ce0a6mw40e5","portName":":boolean"}],"yes":[{"nodeId":"7hcbhvsnf0e","portName":":FunctionResult"}],"no":[{"nodeId":"o7ly1713lwm","portName":":FunctionResult"}]},"outputs":{":FunctionResult":[{"nodeId":"e71sfhyr00v","portName":"FunctionResult"}]}},"inputData":{}},"ce0a6mw40e5":{"id":"ce0a6mw40e5","x":-500,"y":0,"type":"equals","width":200,"connections":{"inputs":{"value1":[{"nodeId":"lwl0nq43s1h","portName":":boolean"}],"value2":[{"nodeId":"j0xkpv3o0el","portName":":boolean"}]},"outputs":{":boolean":[{"nodeId":"942odbi1nt","portName":"condition"}]}},"inputData":{}},"lwl0nq43s1h":{"id":"lwl0nq43s1h","x":-750,"y":0,"type":"boolean","width":200,"connections":{"inputs":{},"outputs":{":boolean":[{"nodeId":"ce0a6mw40e5","portName":"value1"}]}},"inputData":{"boolean":{"boolean":true}}},"j0xkpv3o0el":{"id":"j0xkpv3o0el","x":-750,"y":220,"type":"ToBoolean","width":200,"connections":{"inputs":{"x":[{"nodeId":"f0m1dz50lro","portName":":Variable"}]},"outputs":{":boolean":[{"nodeId":"ce0a6mw40e5","portName":"value2"}]}},"inputData":{}},"f0m1dz50lro":{"id":"f0m1dz50lro","x":-1000,"y":220,"type":"getGameVariable","width":200,"connections":{"inputs":{"id":[{"nodeId":"rf9kbcghme","portName":":string"}]},"outputs":{":Variable":[{"nodeId":"j0xkpv3o0el","portName":"x"}]}},"inputData":{}},"rf9kbcghme":{"id":"rf9kbcghme","x":-1250,"y":220,"type":"string","width":200,"connections":{"inputs":{},"outputs":{":string":[{"nodeId":"f0m1dz50lro","portName":"id"}]}},"inputData":{"string":{"string":"playedA"}}},"7hcbhvsnf0e":{"id":"7hcbhvsnf0e","x":-500,"y":440,"type":"sequential","width":200,"connections":{"inputs":{"func1":[{"nodeId":"1xw1swjcr6m","portName":":FunctionResult"}],"func2":[{"nodeId":"1egp536vy15","portName":":FunctionResult"}]},"outputs":{":FunctionResult":[{"nodeId":"942odbi1nt","portName":"yes"}]}},"inputData":{}},"1xw1swjcr6m":{"id":"1xw1swjcr6m","x":-750,"y":440,"type":"setGameVariable","width":200,"connections":{"inputs":{"id":[{"nodeId":"jawcftvrb9k","portName":":string"}],"value":[{"nodeId":"3fs4zoqaxmz","portName":":boolean"}]},"outputs":{":FunctionResult":[{"nodeId":"7hcbhvsnf0e","portName":"func1"}]}},"inputData":{}},"jawcftvrb9k":{"id":"jawcftvrb9k","x":-1000,"y":440,"type":"string","width":200,"connections":{"inputs":{},"outputs":{":string":[{"nodeId":"1xw1swjcr6m","portName":"id"}]}},"inputData":{"string":{"string":"playedA"}}},"3fs4zoqaxmz":{"id":"3fs4zoqaxmz","x":-1000,"y":660,"type":"boolean","width":200,"connections":{"inputs":{},"outputs":{":boolean":[{"nodeId":"1xw1swjcr6m","portName":"value"}]}},"inputData":{"boolean":{"boolean":false}}},"1egp536vy15":{"id":"1egp536vy15","x":-750,"y":880,"type":"setPhase","width":200,"connections":{"inputs":{"player":[{"nodeId":"vxiwxb3y4zi","portName":":Player"}],"phase":[{"nodeId":"g50ghadoztk","portName":":string"}]},"outputs":{":FunctionResult":[{"nodeId":"7hcbhvsnf0e","portName":"func2"}]}},"inputData":{}},"vxiwxb3y4zi":{"id":"vxiwxb3y4zi","x":-1000,"y":880,"type":"nextPlayer","width":200,"connections":{"inputs":{},"outputs":{":Player":[{"nodeId":"1egp536vy15","portName":"player"}]}},"inputData":{}},"g50ghadoztk":{"id":"g50ghadoztk","x":-1000,"y":1100,"type":"string","width":200,"connections":{"inputs":{},"outputs":{":string":[{"nodeId":"1egp536vy15","portName":"phase"}]}},"inputData":{"string":{"string":"main"}}},"o7ly1713lwm":{"id":"o7ly1713lwm","x":-500,"y":1320,"type":"sequential","width":200,"connections":{"inputs":{"func1":[{"nodeId":"w9nxu6hm0y","portName":":FunctionResult"}],"func2":[{"nodeId":"crlun58s5r9","portName":":FunctionResult"}],"func3":[{"nodeId":"ufgqirtcxwb","portName":":FunctionResult"}]},"outputs":{":FunctionResult":[{"nodeId":"942odbi1nt","portName":"no"}]}},"inputData":{}},"w9nxu6hm0y":{"id":"w9nxu6hm0y","x":-750,"y":1320,"type":"runAction","width":200,"connections":{"inputs":{"actionName":[{"nodeId":"hkl9bzgfft","portName":":string"}]},"outputs":{":FunctionResult":[{"nodeId":"o7ly1713lwm","portName":"func1"}]}},"inputData":{}},"hkl9bzgfft":{"id":"hkl9bzgfft","x":-1000,"y":1320,"type":"string","width":200,"connections":{"inputs":{},"outputs":{":string":[{"nodeId":"w9nxu6hm0y","portName":"actionName"}]}},"inputData":{"string":{"string":"refill"}}},"crlun58s5r9":{"id":"crlun58s5r9","x":-750,"y":1540,"type":"iff","width":200,"connections":{"inputs":{"condition":[{"nodeId":"0kcyuv4mgfw","portName":":boolean"}],"yes":[{"nodeId":"442178ihd2h","portName":":FunctionResult"}],"no":[{"nodeId":"lnk1k3qz8op","portName":":FunctionResult"}]},"outputs":{":FunctionResult":[{"nodeId":"o7ly1713lwm","portName":"func2"}]}},"inputData":{}},"0kcyuv4mgfw":{"id":"0kcyuv4mgfw","x":-1000,"y":1540,"type":"equals","width":200,"connections":{"inputs":{"value1":[{"nodeId":"l8lcadezw0p","portName":":number"}],"value2":[{"nodeId":"fnhuhqkd9p","portName":":number"}]},"outputs":{":boolean":[{"nodeId":"crlun58s5r9","portName":"condition"}]}},"inputData":{}},"l8lcadezw0p":{"id":"l8lcadezw0p","x":-1250,"y":1540,"type":"number","width":200,"connections":{"inputs":{},"outputs":{":number":[{"nodeId":"0kcyuv4mgfw","portName":"value1"}]}},"inputData":{"number":{"number":0}}},"fnhuhqkd9p":{"id":"fnhuhqkd9p","x":-1250,"y":1760,"type":"ToNumber","width":200,"connections":{"inputs":{"x":[{"nodeId":"xc9ab4ja4","portName":":Variable"}]},"outputs":{":number":[{"nodeId":"0kcyuv4mgfw","portName":"value2"}]}},"inputData":{}},"xc9ab4ja4":{"id":"xc9ab4ja4","x":-1500,"y":1760,"type":"getGameVariable","width":200,"connections":{"inputs":{"id":[{"nodeId":"0e8p0hmayvk","portName":":string"}]},"outputs":{":Variable":[{"nodeId":"fnhuhqkd9p","portName":"x"}]}},"inputData":{}},"0e8p0hmayvk":{"id":"0e8p0hmayvk","x":-1750,"y":1760,"type":"string","width":200,"connections":{"inputs":{},"outputs":{":string":[{"nodeId":"xc9ab4ja4","portName":"id"}]}},"inputData":{"string":{"string":"7counter"}}},"442178ihd2h":{"id":"442178ihd2h","x":-1000,"y":1980,"type":"runAction","width":200,"connections":{"inputs":{"actionName":[{"nodeId":"dw7an4mm569","portName":":string"}]},"outputs":{":FunctionResult":[{"nodeId":"crlun58s5r9","portName":"yes"}]}},"inputData":{}},"dw7an4mm569":{"id":"dw7an4mm569","x":-1250,"y":1980,"type":"string","width":200,"connections":{"inputs":{},"outputs":{":string":[{"nodeId":"442178ihd2h","portName":"actionName"}]}},"inputData":{"string":{"string":"choice"}}},"lnk1k3qz8op":{"id":"lnk1k3qz8op","x":-1000,"y":2200,"type":"runAction","width":200,"connections":{"inputs":{"actionName":[{"nodeId":"ognycc637mn","portName":":string"}]},"outputs":{":FunctionResult":[{"nodeId":"crlun58s5r9","portName":"no"}]}},"inputData":{}},"ognycc637mn":{"id":"ognycc637mn","x":-1250,"y":2200,"type":"string","width":200,"connections":{"inputs":{},"outputs":{":string":[{"nodeId":"lnk1k3qz8op","portName":"actionName"}]}},"inputData":{"string":{"string":"7choice"}}},"ufgqirtcxwb":{"id":"ufgqirtcxwb","x":-750,"y":2420,"type":"iff","width":200,"connections":{"inputs":{"condition":[{"nodeId":"planh8vujag","portName":":boolean"}],"yes":[{"nodeId":"qyfy312eyp","portName":":FunctionResult"}],"no":[{"nodeId":"f773ya6egg","portName":":FunctionResult"}]},"outputs":{":FunctionResult":[{"nodeId":"o7ly1713lwm","portName":"func3"}]}},"inputData":{}},"planh8vujag":{"id":"planh8vujag","x":-1000,"y":2420,"type":"equals","width":200,"connections":{"inputs":{"value1":[{"nodeId":"116eve664sz","portName":":number"}],"value2":[{"nodeId":"s0yvisqohn","portName":":number"}]},"outputs":{":boolean":[{"nodeId":"ufgqirtcxwb","portName":"condition"}]}},"inputData":{}},"116eve664sz":{"id":"116eve664sz","x":-1250,"y":2420,"type":"number","width":200,"connections":{"inputs":{},"outputs":{":number":[{"nodeId":"planh8vujag","portName":"value1"}]}},"inputData":{"number":{"number":0}}},"s0yvisqohn":{"id":"s0yvisqohn","x":-1250,"y":2640,"type":"length","width":200,"connections":{"inputs":{"array":[{"nodeId":"sn2atim975","portName":":Card[]"}]},"outputs":{":number":[{"nodeId":"planh8vujag","portName":"value2"}]}},"inputData":{}},"sn2atim975":{"id":"sn2atim975","x":-1500,"y":2640,"type":"getCardsOfCardStack","width":200,"connections":{"inputs":{"stack":[{"nodeId":"2nlhhkcrej","portName":":CardStack"}]},"outputs":{":Card[]":[{"nodeId":"s0yvisqohn","portName":"array"}]}},"inputData":{}},"2nlhhkcrej":{"id":"2nlhhkcrej","x":-1750,"y":2640,"type":"getPlayerCardStack","width":200,"connections":{"inputs":{"id":[{"nodeId":"ad47ba9jdv","portName":":string"}],"player":[{"nodeId":"fqn9bsat3tm","portName":":Player"}]},"outputs":{":CardStack":[{"nodeId":"sn2atim975","portName":"stack"}]}},"inputData":{}},"ad47ba9jdv":{"id":"ad47ba9jdv","x":-2000,"y":2640,"type":"string","width":200,"connections":{"inputs":{},"outputs":{":string":[{"nodeId":"2nlhhkcrej","portName":"id"}]}},"inputData":{"string":{"string":"hand"}}},"fqn9bsat3tm":{"id":"fqn9bsat3tm","x":-2000,"y":2860,"type":"currentPlayer","width":200,"connections":{"inputs":{},"outputs":{":Player":[{"nodeId":"2nlhhkcrej","portName":"player"}]}},"inputData":{}},"qyfy312eyp":{"id":"qyfy312eyp","x":-1000,"y":3080,"type":"endGame","width":200,"connections":{"inputs":{"end":[{"nodeId":"2zf60gvwm2o","portName":":boolean"}]},"outputs":{":FunctionResult":[{"nodeId":"ufgqirtcxwb","portName":"yes"}]}},"inputData":{}},"2zf60gvwm2o":{"id":"2zf60gvwm2o","x":-1250,"y":3080,"type":"boolean","width":200,"connections":{"inputs":{},"outputs":{":boolean":[{"nodeId":"qyfy312eyp","portName":"end"}]}},"inputData":{"boolean":{"boolean":true}}},"f773ya6egg":{"id":"f773ya6egg","x":-1000,"y":3300,"type":"setPhase","width":200,"connections":{"inputs":{"player":[{"nodeId":"qttiztb2jf","portName":":Player"}],"phase":[{"nodeId":"f26wzwbx4jj","portName":":string"}]},"outputs":{":FunctionResult":[{"nodeId":"ufgqirtcxwb","portName":"no"}]}},"inputData":{}},"qttiztb2jf":{"id":"qttiztb2jf","x":-1250,"y":3300,"type":"nextPlayer","width":200,"connections":{"inputs":{},"outputs":{":Player":[{"nodeId":"f773ya6egg","portName":"player"}]}},"inputData":{}},"f26wzwbx4jj":{"id":"f26wzwbx4jj","x":-1250,"y":3520,"type":"string","width":200,"connections":{"inputs":{},"outputs":{":string":[{"nodeId":"f773ya6egg","portName":"phase"}]}},"inputData":{"string":{"string":"main"}}}},"comments":{}},"play7":{"nodes":{"qsd1hu6hx5s":{"x":0,"y":0,"type":"GameLogic","width":200,"connections":{"inputs":{"FunctionResult":[{"nodeId":"f6kb9zhffm7","portName":":FunctionResult"}]},"outputs":{}},"inputData":{"FunctionResult":{}},"root":true,"id":"qsd1hu6hx5s"},"f6kb9zhffm7":{"id":"f6kb9zhffm7","x":-250,"y":0,"type":"setGameVariable","width":200,"connections":{"inputs":{"id":[{"nodeId":"7jj1z3xy38w","portName":":string"}],"value":[{"nodeId":"ulvgdyaizl","portName":":number"}]},"outputs":{":FunctionResult":[{"nodeId":"qsd1hu6hx5s","portName":"FunctionResult"}]}},"inputData":{}},"7jj1z3xy38w":{"id":"7jj1z3xy38w","x":-500,"y":0,"type":"string","width":200,"connections":{"inputs":{},"outputs":{":string":[{"nodeId":"f6kb9zhffm7","portName":"id"}]}},"inputData":{"string":{"string":"7counter"}}},"ulvgdyaizl":{"id":"ulvgdyaizl","x":-500,"y":220,"type":"add","width":200,"connections":{"inputs":{"summand1":[{"nodeId":"tc5cz4o5w","portName":":number"}],"summand2":[{"nodeId":"x9bnrongwza","portName":":number"}]},"outputs":{":number":[{"nodeId":"f6kb9zhffm7","portName":"value"}]}},"inputData":{}},"tc5cz4o5w":{"id":"tc5cz4o5w","x":-750,"y":220,"type":"ToNumber","width":200,"connections":{"inputs":{"x":[{"nodeId":"gz5k5dfkhg9","portName":":Variable"}]},"outputs":{":number":[{"nodeId":"ulvgdyaizl","portName":"summand1"}]}},"inputData":{}},"gz5k5dfkhg9":{"id":"gz5k5dfkhg9","x":-1000,"y":220,"type":"getGameVariable","width":200,"connections":{"inputs":{"id":[{"nodeId":"wajdf4qhylj","portName":":string"}]},"outputs":{":Variable":[{"nodeId":"tc5cz4o5w","portName":"x"}]}},"inputData":{}},"wajdf4qhylj":{"id":"wajdf4qhylj","x":-1250,"y":220,"type":"string","width":200,"connections":{"inputs":{},"outputs":{":string":[{"nodeId":"gz5k5dfkhg9","portName":"id"}]}},"inputData":{"string":{"string":"7counter"}}},"x9bnrongwza":{"id":"x9bnrongwza","x":-750,"y":440,"type":"number","width":200,"connections":{"inputs":{},"outputs":{":number":[{"nodeId":"ulvgdyaizl","portName":"summand2"}]}},"inputData":{"number":{"number":2}}}},"comments":{}},"playA":{"nodes":{"xejksjof9da":{"x":0,"y":0,"type":"GameLogic","width":200,"connections":{"inputs":{"FunctionResult":[{"nodeId":"i2a48h43p7r","portName":":FunctionResult"}]},"outputs":{}},"inputData":{"FunctionResult":{}},"root":true,"id":"xejksjof9da"},"i2a48h43p7r":{"id":"i2a48h43p7r","x":-250,"y":0,"type":"setGameVariable","width":200,"connections":{"inputs":{"id":[{"nodeId":"5dbstg30hho","portName":":string"}],"value":[{"nodeId":"vqog7d01pim","portName":":boolean"}]},"outputs":{":FunctionResult":[{"nodeId":"xejksjof9da","portName":"FunctionResult"}]}},"inputData":{}},"5dbstg30hho":{"id":"5dbstg30hho","x":-500,"y":0,"type":"string","width":200,"connections":{"inputs":{},"outputs":{":string":[{"nodeId":"i2a48h43p7r","portName":"id"}]}},"inputData":{"string":{"string":"playedA"}}},"vqog7d01pim":{"id":"vqog7d01pim","x":-500,"y":220,"type":"boolean","width":200,"connections":{"inputs":{},"outputs":{":boolean":[{"nodeId":"i2a48h43p7r","portName":"value"}]}},"inputData":{"boolean":{"boolean":true}}}},"comments":{}},"playJ":{"nodes":{"tiyc0x2xhb":{"x":0,"y":0,"type":"GameLogic","width":200,"connections":{"inputs":{"FunctionResult":[{"nodeId":"g8vnzkl5mje","portName":":FunctionResult"}]},"outputs":{}},"inputData":{"FunctionResult":{}},"root":true,"id":"tiyc0x2xhb"},"g8vnzkl5mje":{"id":"g8vnzkl5mje","x":-250,"y":0,"type":"choose","width":200,"connections":{"inputs":{"player":[{"nodeId":"jsjrutguyp","portName":":Player"}],"options":[{"nodeId":"x0kxj4soedb","portName":":GameOption[]"}]},"outputs":{":FunctionResult":[{"nodeId":"tiyc0x2xhb","portName":"FunctionResult"}]}},"inputData":{}},"jsjrutguyp":{"id":"jsjrutguyp","x":-500,"y":0,"type":"currentPlayer","width":200,"connections":{"inputs":{},"outputs":{":Player":[{"nodeId":"g8vnzkl5mje","portName":"player"}]}},"inputData":{}},"x0kxj4soedb":{"id":"x0kxj4soedb","x":-500,"y":220,"type":"ToArray","width":200,"connections":{"inputs":{"value1":[{"nodeId":"3qao4quw3wc","portName":":GameOption"}],"value2":[{"nodeId":"ioxu7alfgtr","portName":":GameOption"}],"value3":[{"nodeId":"71s0k8u5hc","portName":":GameOption"}],"value4":[{"nodeId":"tbfh3n20odk","portName":":GameOption"}]},"outputs":{":GameOption[]":[{"nodeId":"g8vnzkl5mje","portName":"options"}]}},"inputData":{}},"3qao4quw3wc":{"id":"3qao4quw3wc","x":-750,"y":220,"type":"textOption","width":200,"connections":{"inputs":{"text":[{"nodeId":"x61xixu5ifb","portName":":string"}],"action:FunctionResult":[{"nodeId":"ajvwdy5o9di","portName":":FunctionResult"}]},"outputs":{":GameOption":[{"nodeId":"x0kxj4soedb","portName":"value1"}]}},"inputData":{}},"x61xixu5ifb":{"id":"x61xixu5ifb","x":-1000,"y":220,"type":"string","width":200,"connections":{"inputs":{},"outputs":{":string":[{"nodeId":"3qao4quw3wc","portName":"text"}]}},"inputData":{"string":{"string":"Diamonds"}}},"ajvwdy5o9di":{"id":"ajvwdy5o9di","x":-1000,"y":440,"type":"setGameVariable","width":200,"connections":{"inputs":{"id":[{"nodeId":"8qxonu4d53","portName":":string"}],"value":[{"nodeId":"ulm88x64yeb","portName":":string"}]},"outputs":{":FunctionResult":[{"nodeId":"3qao4quw3wc","portName":"action:FunctionResult"}]}},"inputData":{}},"8qxonu4d53":{"id":"8qxonu4d53","x":-1250,"y":440,"type":"string","width":200,"connections":{"inputs":{},"outputs":{":string":[{"nodeId":"ajvwdy5o9di","portName":"id"}]}},"inputData":{"string":{"string":"lastFace"}}},"ulm88x64yeb":{"id":"ulm88x64yeb","x":-1250,"y":660,"type":"string","width":200,"connections":{"inputs":{},"outputs":{":string":[{"nodeId":"ajvwdy5o9di","portName":"value"}]}},"inputData":{"string":{"string":"D"}}},"ioxu7alfgtr":{"id":"ioxu7alfgtr","x":-750,"y":880,"type":"textOption","width":200,"connections":{"inputs":{"text":[{"nodeId":"l0l8xs2vclc","portName":":string"}],"action:FunctionResult":[{"nodeId":"xqry1bx6xts","portName":":FunctionResult"}]},"outputs":{":GameOption":[{"nodeId":"x0kxj4soedb","portName":"value2"}]}},"inputData":{}},"l0l8xs2vclc":{"id":"l0l8xs2vclc","x":-1000,"y":880,"type":"string","width":200,"connections":{"inputs":{},"outputs":{":string":[{"nodeId":"ioxu7alfgtr","portName":"text"}]}},"inputData":{"string":{"string":"Hearts"}}},"xqry1bx6xts":{"id":"xqry1bx6xts","x":-1000,"y":1100,"type":"setGameVariable","width":200,"connections":{"inputs":{"id":[{"nodeId":"3ose3402wgi","portName":":string"}],"value":[{"nodeId":"t45ohi9645","portName":":string"}]},"outputs":{":FunctionResult":[{"nodeId":"ioxu7alfgtr","portName":"action:FunctionResult"}]}},"inputData":{}},"3ose3402wgi":{"id":"3ose3402wgi","x":-1250,"y":1100,"type":"string","width":200,"connections":{"inputs":{},"outputs":{":string":[{"nodeId":"xqry1bx6xts","portName":"id"}]}},"inputData":{"string":{"string":"lastFace"}}},"t45ohi9645":{"id":"t45ohi9645","x":-1250,"y":1320,"type":"string","width":200,"connections":{"inputs":{},"outputs":{":string":[{"nodeId":"xqry1bx6xts","portName":"value"}]}},"inputData":{"string":{"string":"H"}}},"71s0k8u5hc":{"id":"71s0k8u5hc","x":-750,"y":1540,"type":"textOption","width":200,"connections":{"inputs":{"text":[{"nodeId":"mq2v0o20osi","portName":":string"}],"action:FunctionResult":[{"nodeId":"11m8uk3l7sz","portName":":FunctionResult"}]},"outputs":{":GameOption":[{"nodeId":"x0kxj4soedb","portName":"value3"}]}},"inputData":{}},"mq2v0o20osi":{"id":"mq2v0o20osi","x":-1000,"y":1540,"type":"string","width":200,"connections":{"inputs":{},"outputs":{":string":[{"nodeId":"71s0k8u5hc","portName":"text"}]}},"inputData":{"string":{"string":"Spades"}}},"11m8uk3l7sz":{"id":"11m8uk3l7sz","x":-1000,"y":1760,"type":"setGameVariable","width":200,"connections":{"inputs":{"id":[{"nodeId":"l0hvvcc2iqm","portName":":string"}],"value":[{"nodeId":"7cqw1l859v7","portName":":string"}]},"outputs":{":FunctionResult":[{"nodeId":"71s0k8u5hc","portName":"action:FunctionResult"}]}},"inputData":{}},"l0hvvcc2iqm":{"id":"l0hvvcc2iqm","x":-1250,"y":1760,"type":"string","width":200,"connections":{"inputs":{},"outputs":{":string":[{"nodeId":"11m8uk3l7sz","portName":"id"}]}},"inputData":{"string":{"string":"lastFace"}}},"7cqw1l859v7":{"id":"7cqw1l859v7","x":-1250,"y":1980,"type":"string","width":200,"connections":{"inputs":{},"outputs":{":string":[{"nodeId":"11m8uk3l7sz","portName":"value"}]}},"inputData":{"string":{"string":"S"}}},"tbfh3n20odk":{"id":"tbfh3n20odk","x":-750,"y":2200,"type":"textOption","width":200,"connections":{"inputs":{"text":[{"nodeId":"kwc45ixk65r","portName":":string"}],"action:FunctionResult":[{"nodeId":"3kx3o0a543u","portName":":FunctionResult"}]},"outputs":{":GameOption":[{"nodeId":"x0kxj4soedb","portName":"value4"}]}},"inputData":{}},"kwc45ixk65r":{"id":"kwc45ixk65r","x":-1000,"y":2200,"type":"string","width":200,"connections":{"inputs":{},"outputs":{":string":[{"nodeId":"tbfh3n20odk","portName":"text"}]}},"inputData":{"string":{"string":"Clubs"}}},"3kx3o0a543u":{"id":"3kx3o0a543u","x":-1000,"y":2420,"type":"setGameVariable","width":200,"connections":{"inputs":{"id":[{"nodeId":"m2kkj7qj5me","portName":":string"}],"value":[{"nodeId":"wimg7rhm7hc","portName":":string"}]},"outputs":{":FunctionResult":[{"nodeId":"tbfh3n20odk","portName":"action:FunctionResult"}]}},"inputData":{}},"m2kkj7qj5me":{"id":"m2kkj7qj5me","x":-1250,"y":2420,"type":"string","width":200,"connections":{"inputs":{},"outputs":{":string":[{"nodeId":"3kx3o0a543u","portName":"id"}]}},"inputData":{"string":{"string":"lastFace"}}},"wimg7rhm7hc":{"id":"wimg7rhm7hc","x":-1250,"y":2640,"type":"string","width":200,"connections":{"inputs":{},"outputs":{":string":[{"nodeId":"3kx3o0a543u","portName":"value"}]}},"inputData":{"string":{"string":"C"}}}},"comments":{}},"refill":{"nodes":{"we4s6mauv4p":{"x":0,"y":0,"type":"GameLogic","width":200,"connections":{"inputs":{"FunctionResult":[{"nodeId":"9o6istqeav","portName":":FunctionResult"}]},"outputs":{}},"inputData":{"FunctionResult":{}},"root":true,"id":"we4s6mauv4p"},"9o6istqeav":{"id":"9o6istqeav","x":-250,"y":0,"type":"iff","width":200,"connections":{"inputs":{"condition":[{"nodeId":"mjpxktlps2","portName":":boolean"}],"yes":[{"nodeId":"ij1nw0jp8xf","portName":":FunctionResult"}]},"outputs":{":FunctionResult":[{"nodeId":"we4s6mauv4p","portName":"FunctionResult"}]}},"inputData":{}},"mjpxktlps2":{"id":"mjpxktlps2","x":-500,"y":0,"type":"lessEquals","width":200,"connections":{"inputs":{"value1":[{"nodeId":"lm1z4k1deqj","portName":":number"}],"value2":[{"nodeId":"gq0u9osfsym","portName":":number"}]},"outputs":{":boolean":[{"nodeId":"9o6istqeav","portName":"condition"}]}},"inputData":{}},"lm1z4k1deqj":{"id":"lm1z4k1deqj","x":-750,"y":0,"type":"length","width":200,"connections":{"inputs":{"array":[{"nodeId":"ebr931cdzje","portName":":Card[]"}]},"outputs":{":number":[{"nodeId":"mjpxktlps2","portName":"value1"}]}},"inputData":{}},"ebr931cdzje":{"id":"ebr931cdzje","x":-1000,"y":0,"type":"getCardsOfCardStack","width":200,"connections":{"inputs":{"stack":[{"nodeId":"vtju7ijtey","portName":":CardStack"}]},"outputs":{":Card[]":[{"nodeId":"lm1z4k1deqj","portName":"array"}]}},"inputData":{}},"vtju7ijtey":{"id":"vtju7ijtey","x":-1250,"y":0,"type":"getGlobalCardStack","width":200,"connections":{"inputs":{"id":[{"nodeId":"suhuvy3eqyp","portName":":string"}]},"outputs":{":CardStack":[{"nodeId":"ebr931cdzje","portName":"stack"}]}},"inputData":{}},"suhuvy3eqyp":{"id":"suhuvy3eqyp","x":-1500,"y":0,"type":"string","width":200,"connections":{"inputs":{},"outputs":{":string":[{"nodeId":"vtju7ijtey","portName":"id"}]}},"inputData":{"string":{"string":"draw"}}},"gq0u9osfsym":{"id":"gq0u9osfsym","x":-750,"y":220,"type":"max","width":200,"connections":{"inputs":{"value1":[{"nodeId":"z7oi7wosjqg","portName":":number"}],"value2":[{"nodeId":"puxq141zj5d","portName":":number"}]},"outputs":{":number":[{"nodeId":"mjpxktlps2","portName":"value2"}]}},"inputData":{}},"z7oi7wosjqg":{"id":"z7oi7wosjqg","x":-1000,"y":220,"type":"number","width":200,"connections":{"inputs":{},"outputs":{":number":[{"nodeId":"gq0u9osfsym","portName":"value1"}]}},"inputData":{"number":{"number":1}}},"puxq141zj5d":{"id":"puxq141zj5d","x":-1000,"y":440,"type":"ToNumber","width":200,"connections":{"inputs":{"x":[{"nodeId":"28nrm8dpseu","portName":":Variable"}]},"outputs":{":number":[{"nodeId":"gq0u9osfsym","portName":"value2"}]}},"inputData":{}},"28nrm8dpseu":{"id":"28nrm8dpseu","x":-1250,"y":440,"type":"getGameVariable","width":200,"connections":{"inputs":{"id":[{"nodeId":"quiz3b260a","portName":":string"}]},"outputs":{":Variable":[{"nodeId":"puxq141zj5d","portName":"x"}]}},"inputData":{}},"quiz3b260a":{"id":"quiz3b260a","x":-1500,"y":440,"type":"string","width":200,"connections":{"inputs":{},"outputs":{":string":[{"nodeId":"28nrm8dpseu","portName":"id"}]}},"inputData":{"string":{"string":"7counter"}}},"ij1nw0jp8xf":{"id":"ij1nw0jp8xf","x":-500,"y":660,"type":"sequential","width":200,"connections":{"inputs":{"func1":[{"nodeId":"o7rayjorpcn","portName":":FunctionResult"}],"func2":[{"nodeId":"en20dox3psi","portName":":FunctionResult"}]},"outputs":{":FunctionResult":[{"nodeId":"9o6istqeav","portName":"yes"}]}},"inputData":{}},"o7rayjorpcn":{"id":"o7rayjorpcn","x":-750,"y":660,"type":"moveCards","width":200,"connections":{"inputs":{"from":[{"nodeId":"cb801o9w0j","portName":":CardStack"}],"to":[{"nodeId":"5u9351zapmg","portName":":CardStack"}],"fromCards":[{"nodeId":"ss542twc0vq","portName":":Card[]"}]},"outputs":{":FunctionResult":[{"nodeId":"ij1nw0jp8xf","portName":"func1"}]}},"inputData":{}},"cb801o9w0j":{"id":"cb801o9w0j","x":-1000,"y":660,"type":"getGlobalCardStack","width":200,"connections":{"inputs":{"id":[{"nodeId":"oyaha1qevvk","portName":":string"}]},"outputs":{":CardStack":[{"nodeId":"o7rayjorpcn","portName":"from"}]}},"inputData":{}},"oyaha1qevvk":{"id":"oyaha1qevvk","x":-1250,"y":660,"type":"string","width":200,"connections":{"inputs":{},"outputs":{":string":[{"nodeId":"cb801o9w0j","portName":"id"}]}},"inputData":{"string":{"string":"main"}}},"5u9351zapmg":{"id":"5u9351zapmg","x":-1000,"y":880,"type":"getGlobalCardStack","width":200,"connections":{"inputs":{"id":[{"nodeId":"0kn9u43g4ig","portName":":string"}]},"outputs":{":CardStack":[{"nodeId":"o7rayjorpcn","portName":"to"}]}},"inputData":{}},"0kn9u43g4ig":{"id":"0kn9u43g4ig","x":-1250,"y":880,"type":"string","width":200,"connections":{"inputs":{},"outputs":{":string":[{"nodeId":"5u9351zapmg","portName":"id"}]}},"inputData":{"string":{"string":"draw"}}},"ss542twc0vq":{"id":"ss542twc0vq","x":-1000,"y":1100,"type":"bottomCards","width":200,"connections":{"inputs":{"stack":[{"nodeId":"6gq98oa4ir3","portName":":CardStack"}],"n":[{"nodeId":"f4b5aszmp2m","portName":":number"}]},"outputs":{":Card[]":[{"nodeId":"o7rayjorpcn","portName":"fromCards"}]}},"inputData":{}},"6gq98oa4ir3":{"id":"6gq98oa4ir3","x":-1250,"y":1100,"type":"getGlobalCardStack","width":200,"connections":{"inputs":{"id":[{"nodeId":"r752bnbgqfr","portName":":string"}]},"outputs":{":CardStack":[{"nodeId":"ss542twc0vq","portName":"stack"}]}},"inputData":{}},"r752bnbgqfr":{"id":"r752bnbgqfr","x":-1500,"y":1100,"type":"string","width":200,"connections":{"inputs":{},"outputs":{":string":[{"nodeId":"6gq98oa4ir3","portName":"id"}]}},"inputData":{"string":{"string":"main"}}},"f4b5aszmp2m":{"id":"f4b5aszmp2m","x":-1250,"y":1320,"type":"add","width":200,"connections":{"inputs":{"summand1":[{"nodeId":"41jqc4jiytp","portName":":number"}],"summand2":[{"nodeId":"yj05trm866l","portName":":number"}]},"outputs":{":number":[{"nodeId":"ss542twc0vq","portName":"n"}]}},"inputData":{}},"41jqc4jiytp":{"id":"41jqc4jiytp","x":-1500,"y":1320,"type":"length","width":200,"connections":{"inputs":{"array":[{"nodeId":"4ejnhp50igo","portName":":Card[]"}]},"outputs":{":number":[{"nodeId":"f4b5aszmp2m","portName":"summand1"}]}},"inputData":{}},"4ejnhp50igo":{"id":"4ejnhp50igo","x":-1750,"y":1320,"type":"getCardsOfCardStack","width":200,"connections":{"inputs":{"stack":[{"nodeId":"c1rxeqbkna","portName":":CardStack"}]},"outputs":{":Card[]":[{"nodeId":"41jqc4jiytp","portName":"array"}]}},"inputData":{}},"c1rxeqbkna":{"id":"c1rxeqbkna","x":-2000,"y":1320,"type":"getGlobalCardStack","width":200,"connections":{"inputs":{"id":[{"nodeId":"2jccoh72n4k","portName":":string"}]},"outputs":{":CardStack":[{"nodeId":"4ejnhp50igo","portName":"stack"}]}},"inputData":{}},"2jccoh72n4k":{"id":"2jccoh72n4k","x":-2250,"y":1320,"type":"string","width":200,"connections":{"inputs":{},"outputs":{":string":[{"nodeId":"c1rxeqbkna","portName":"id"}]}},"inputData":{"string":{"string":"main"}}},"yj05trm866l":{"id":"yj05trm866l","x":-1500,"y":1540,"type":"number","width":200,"connections":{"inputs":{},"outputs":{":number":[{"nodeId":"f4b5aszmp2m","portName":"summand2"}]}},"inputData":{"number":{"number":-1}}},"en20dox3psi":{"id":"en20dox3psi","x":-750,"y":1760,"type":"shuffleStack","width":200,"connections":{"inputs":{"stack":[{"nodeId":"1j2rru5q9qf","portName":":CardStack"}]},"outputs":{":FunctionResult":[{"nodeId":"ij1nw0jp8xf","portName":"func2"}]}},"inputData":{}},"1j2rru5q9qf":{"id":"1j2rru5q9qf","x":-1000,"y":1760,"type":"getGlobalCardStack","width":200,"connections":{"inputs":{"id":[{"nodeId":"p4qfirukwg9","portName":":string"}]},"outputs":{":CardStack":[{"nodeId":"en20dox3psi","portName":"stack"}]}},"inputData":{}},"p4qfirukwg9":{"id":"p4qfirukwg9","x":-1250,"y":1760,"type":"string","width":200,"connections":{"inputs":{},"outputs":{":string":[{"nodeId":"1j2rru5q9qf","portName":"id"}]}},"inputData":{"string":{"string":"draw"}}}},"comments":{}},"start":{"nodes":{"db7syz10i2":{"x":0,"y":0,"type":"GameLogic","width":200,"connections":{"inputs":{"FunctionResult":[{"nodeId":"catcf6qrnmr","portName":":FunctionResult"}]},"outputs":{}},"inputData":{"FunctionResult":{}},"root":true,"id":"db7syz10i2"},"catcf6qrnmr":{"id":"catcf6qrnmr","x":-250,"y":0,"type":"sequential","width":200,"connections":{"inputs":{"func1":[{"nodeId":"fpbkqmcbtzk","portName":":FunctionResult"}],"func2":[{"nodeId":"7e0prksjm59","portName":":FunctionResult"}],"func3":[{"nodeId":"j8vyt2wcgu7","portName":":FunctionResult[]"}],"func4":[{"nodeId":"dbaabja5f4","portName":":FunctionResult"}],"func5":[{"nodeId":"fuzg4b9rkw","portName":":FunctionResult"}],"func6":[{"nodeId":"gqnatvlv61","portName":":FunctionResult"}],"func7":[{"nodeId":"4soq12ii7ro","portName":":FunctionResult"}]},"outputs":{":FunctionResult":[{"nodeId":"db7syz10i2","portName":"FunctionResult"}]}},"inputData":{}},"fpbkqmcbtzk":{"id":"fpbkqmcbtzk","x":-500,"y":0,"type":"fillStack","width":200,"connections":{"inputs":{"stack":[{"nodeId":"o5d4h88yk8e","portName":":CardStack"}]},"outputs":{":FunctionResult":[{"nodeId":"catcf6qrnmr","portName":"func1"}]}},"inputData":{}},"o5d4h88yk8e":{"id":"o5d4h88yk8e","x":-750,"y":0,"type":"getGlobalCardStack","width":200,"connections":{"inputs":{"id":[{"nodeId":"pnfr1qmv47","portName":":string"}]},"outputs":{":CardStack":[{"nodeId":"fpbkqmcbtzk","portName":"stack"}]}},"inputData":{}},"pnfr1qmv47":{"id":"pnfr1qmv47","x":-1000,"y":0,"type":"string","width":200,"connections":{"inputs":{},"outputs":{":string":[{"nodeId":"o5d4h88yk8e","portName":"id"}]}},"inputData":{"string":{"string":"draw"}}},"7e0prksjm59":{"id":"7e0prksjm59","x":-500,"y":220,"type":"shuffleStack","width":200,"connections":{"inputs":{"stack":[{"nodeId":"ox89bncy6rh","portName":":CardStack"}]},"outputs":{":FunctionResult":[{"nodeId":"catcf6qrnmr","portName":"func2"}]}},"inputData":{}},"ox89bncy6rh":{"id":"ox89bncy6rh","x":-750,"y":220,"type":"getGlobalCardStack","width":200,"connections":{"inputs":{"id":[{"nodeId":"idihar8qzbq","portName":":string"}]},"outputs":{":CardStack":[{"nodeId":"7e0prksjm59","portName":"stack"}]}},"inputData":{}},"idihar8qzbq":{"id":"idihar8qzbq","x":-1000,"y":220,"type":"string","width":200,"connections":{"inputs":{},"outputs":{":string":[{"nodeId":"ox89bncy6rh","portName":"id"}]}},"inputData":{"string":{"string":"draw"}}},"j8vyt2wcgu7":{"id":"j8vyt2wcgu7","x":-500,"y":440,"type":"map","width":200,"connections":{"inputs":{"array":[{"nodeId":"86n7j12dc4","portName":":Player[]"}],"func:T2":[{"nodeId":"b6bvt6hzu4m","portName":":FunctionResult"}]},"outputs":{"func_x:Player":[{"nodeId":"z9vg539bky9","portName":"player"}],":FunctionResult[]":[{"nodeId":"catcf6qrnmr","portName":"func3"}]}},"inputData":{}},"86n7j12dc4":{"id":"86n7j12dc4","x":-750,"y":440,"type":"players","width":200,"connections":{"inputs":{},"outputs":{":Player[]":[{"nodeId":"j8vyt2wcgu7","portName":"array"}]}},"inputData":{}},"b6bvt6hzu4m":{"id":"b6bvt6hzu4m","x":-750,"y":660,"type":"sequential","width":200,"connections":{"inputs":{"func1":[{"nodeId":"7fqmh5n8y08","portName":":FunctionResult"}]},"outputs":{":FunctionResult":[{"nodeId":"j8vyt2wcgu7","portName":"func:T2"}]}},"inputData":{}},"7fqmh5n8y08":{"id":"7fqmh5n8y08","x":-1000,"y":660,"type":"moveCards","width":200,"connections":{"inputs":{"from":[{"nodeId":"dt519hbmse","portName":":CardStack"}],"to":[{"nodeId":"z9vg539bky9","portName":":CardStack"}],"fromCards":[{"nodeId":"q89ek5dbgm","portName":":Card[]"}]},"outputs":{":FunctionResult":[{"nodeId":"b6bvt6hzu4m","portName":"func1"}]}},"inputData":{}},"dt519hbmse":{"id":"dt519hbmse","x":-1250,"y":660,"type":"getGlobalCardStack","width":200,"connections":{"inputs":{"id":[{"nodeId":"z4pukr42rb","portName":":string"}]},"outputs":{":CardStack":[{"nodeId":"7fqmh5n8y08","portName":"from"}]}},"inputData":{}},"z4pukr42rb":{"id":"z4pukr42rb","x":-1500,"y":660,"type":"string","width":200,"connections":{"inputs":{},"outputs":{":string":[{"nodeId":"dt519hbmse","portName":"id"}]}},"inputData":{"string":{"string":"draw"}}},"z9vg539bky9":{"id":"z9vg539bky9","x":-1250,"y":880,"type":"getPlayerCardStack","width":200,"connections":{"inputs":{"id":[{"nodeId":"r1bff27907q","portName":":string"}],"player":[{"nodeId":"j8vyt2wcgu7","portName":"func_x:Player"}]},"outputs":{":CardStack":[{"nodeId":"7fqmh5n8y08","portName":"to"}]}},"inputData":{}},"r1bff27907q":{"id":"r1bff27907q","x":-1500,"y":880,"type":"string","width":200,"connections":{"inputs":{},"outputs":{":string":[{"nodeId":"z9vg539bky9","portName":"id"}]}},"inputData":{"string":{"string":"hand"}}},"q89ek5dbgm":{"id":"q89ek5dbgm","x":-1250,"y":1320,"type":"topCards","width":200,"connections":{"inputs":{"stack":[{"nodeId":"sic49wlu4m","portName":":CardStack"}],"n":[{"nodeId":"cp3ky7caae","portName":":string"}]},"outputs":{":Card[]":[{"nodeId":"7fqmh5n8y08","portName":"fromCards"}]}},"inputData":{}},"sic49wlu4m":{"id":"sic49wlu4m","x":-1500,"y":1320,"type":"getGlobalCardStack","width":200,"connections":{"inputs":{"id":[{"nodeId":"xwrqtbtalu9","portName":":string"}]},"outputs":{":CardStack":[{"nodeId":"q89ek5dbgm","portName":"stack"}]}},"inputData":{}},"xwrqtbtalu9":{"id":"xwrqtbtalu9","x":-1750,"y":1320,"type":"string","width":200,"connections":{"inputs":{},"outputs":{":string":[{"nodeId":"sic49wlu4m","portName":"id"}]}},"inputData":{"string":{"string":"draw"}}},"cp3ky7caae":{"id":"cp3ky7caae","x":-1500,"y":1540,"type":"ToString","width":200,"connections":{"inputs":{"x":[{"nodeId":"9ec98qgre2n","portName":":Variable"}]},"outputs":{":string":[{"nodeId":"q89ek5dbgm","portName":"n"}]}},"inputData":{}},"9ec98qgre2n":{"id":"9ec98qgre2n","x":-1750,"y":1540,"type":"getGameVariable","width":200,"connections":{"inputs":{"id":[{"nodeId":"gh72jqlrzr9","portName":":string"}]},"outputs":{":Variable":[{"nodeId":"cp3ky7caae","portName":"x"}]}},"inputData":{}},"gh72jqlrzr9":{"id":"gh72jqlrzr9","x":-2000,"y":1540,"type":"string","width":200,"connections":{"inputs":{},"outputs":{":string":[{"nodeId":"9ec98qgre2n","portName":"id"}]}},"inputData":{"string":{"string":"startHandCards"}}},"dbaabja5f4":{"id":"dbaabja5f4","x":-500,"y":1760,"type":"moveCards","width":200,"connections":{"inputs":{"from":[{"nodeId":"ppefeo58kpo","portName":":CardStack"}],"to":[{"nodeId":"b7ir4oky4h","portName":":CardStack"}],"fromCards":[{"nodeId":"ptsnfj6tu9l","portName":":Card[]"}]},"outputs":{":FunctionResult":[{"nodeId":"catcf6qrnmr","portName":"func4"}]}},"inputData":{}},"ppefeo58kpo":{"id":"ppefeo58kpo","x":-750,"y":1760,"type":"getGlobalCardStack","width":200,"connections":{"inputs":{"id":[{"nodeId":"hbwpkmrm3l4","portName":":string"}]},"outputs":{":CardStack":[{"nodeId":"dbaabja5f4","portName":"from"}]}},"inputData":{}},"hbwpkmrm3l4":{"id":"hbwpkmrm3l4","x":-1000,"y":1760,"type":"string","width":200,"connections":{"inputs":{},"outputs":{":string":[{"nodeId":"ppefeo58kpo","portName":"id"}]}},"inputData":{"string":{"string":"draw"}}},"b7ir4oky4h":{"id":"b7ir4oky4h","x":-750,"y":1980,"type":"getGlobalCardStack","width":200,"connections":{"inputs":{"id":[{"nodeId":"9qvd844z1t","portName":":string"}]},"outputs":{":CardStack":[{"nodeId":"dbaabja5f4","portName":"to"}]}},"inputData":{}},"9qvd844z1t":{"id":"9qvd844z1t","x":-1000,"y":1980,"type":"string","width":200,"connections":{"inputs":{},"outputs":{":string":[{"nodeId":"b7ir4oky4h","portName":"id"}]}},"inputData":{"string":{"string":"main"}}},"ptsnfj6tu9l":{"id":"ptsnfj6tu9l","x":-750,"y":2200,"type":"topCards","width":200,"connections":{"inputs":{"stack":[{"nodeId":"0p5ce1kjm99","portName":":CardStack"}]},"outputs":{":Card[]":[{"nodeId":"dbaabja5f4","portName":"fromCards"}]}},"inputData":{}},"0p5ce1kjm99":{"id":"0p5ce1kjm99","x":-1000,"y":2200,"type":"getGlobalCardStack","width":200,"connections":{"inputs":{"id":[{"nodeId":"wuz8sssw51","portName":":string"}]},"outputs":{":CardStack":[{"nodeId":"ptsnfj6tu9l","portName":"stack"}]}},"inputData":{}},"wuz8sssw51":{"id":"wuz8sssw51","x":-1250,"y":2200,"type":"string","width":200,"connections":{"inputs":{},"outputs":{":string":[{"nodeId":"0p5ce1kjm99","portName":"id"}]}},"inputData":{"string":{"string":"draw"}}},"fuzg4b9rkw":{"id":"fuzg4b9rkw","x":-500,"y":2420,"type":"setGameVariable","width":200,"connections":{"inputs":{"id":[{"nodeId":"u1bwmldd06","portName":":string"}],"value":[{"nodeId":"pff7pnlha4i","portName":":string"}]},"outputs":{":FunctionResult":[{"nodeId":"catcf6qrnmr","portName":"func5"}]}},"inputData":{}},"u1bwmldd06":{"id":"u1bwmldd06","x":-750,"y":2420,"type":"string","width":200,"connections":{"inputs":{},"outputs":{":string":[{"nodeId":"fuzg4b9rkw","portName":"id"}]}},"inputData":{"string":{"string":"lastFace"}}},"pff7pnlha4i":{"id":"pff7pnlha4i","x":-750,"y":2640,"type":"cardType","width":200,"connections":{"inputs":{"typeName":[{"nodeId":"a9gv1q484za","portName":":string"}],"card":[{"nodeId":"4862m6zor8s","portName":":Card"}]},"outputs":{":string":[{"nodeId":"fuzg4b9rkw","portName":"value"}]}},"inputData":{}},"a9gv1q484za":{"id":"a9gv1q484za","x":-1000,"y":2640,"type":"string","width":200,"connections":{"inputs":{},"outputs":{":string":[{"nodeId":"pff7pnlha4i","portName":"typeName"}]}},"inputData":{"string":{"string":"face"}}},"4862m6zor8s":{"id":"4862m6zor8s","x":-1000,"y":2860,"type":"first","width":200,"connections":{"inputs":{"array":[{"nodeId":"dl5dmfkn00l","portName":":Card[]"}]},"outputs":{":Card":[{"nodeId":"pff7pnlha4i","portName":"card"}]}},"inputData":{}},"dl5dmfkn00l":{"id":"dl5dmfkn00l","x":-1250,"y":2860,"type":"topCards","width":200,"connections":{"inputs":{"stack":[{"nodeId":"gcngxka3va","portName":":CardStack"}]},"outputs":{":Card[]":[{"nodeId":"4862m6zor8s","portName":"array"}]}},"inputData":{}},"gcngxka3va":{"id":"gcngxka3va","x":-1500,"y":2860,"type":"getGlobalCardStack","width":200,"connections":{"inputs":{"id":[{"nodeId":"pvq3aghkfu9","portName":":string"}]},"outputs":{":CardStack":[{"nodeId":"dl5dmfkn00l","portName":"stack"}]}},"inputData":{}},"pvq3aghkfu9":{"id":"pvq3aghkfu9","x":-1750,"y":2860,"type":"string","width":200,"connections":{"inputs":{},"outputs":{":string":[{"nodeId":"gcngxka3va","portName":"id"}]}},"inputData":{"string":{"string":"main"}}},"gqnatvlv61":{"id":"gqnatvlv61","x":-500,"y":3080,"type":"runAction","width":200,"connections":{"inputs":{"actionName":[{"nodeId":"jht985qnw8q","portName":":string"}]},"outputs":{":FunctionResult":[{"nodeId":"catcf6qrnmr","portName":"func6"}]}},"inputData":{}},"jht985qnw8q":{"id":"jht985qnw8q","x":-750,"y":3080,"type":"add","width":200,"connections":{"inputs":{"summand1":[{"nodeId":"lhy5ru4ow2j","portName":":string"}],"summand2":[{"nodeId":"df4qxr6y2d","portName":":string"}]},"outputs":{":string":[{"nodeId":"gqnatvlv61","portName":"actionName"}]}},"inputData":{}},"lhy5ru4ow2j":{"id":"lhy5ru4ow2j","x":-1000,"y":3080,"type":"string","width":200,"connections":{"inputs":{},"outputs":{":string":[{"nodeId":"jht985qnw8q","portName":"summand1"}]}},"inputData":{"string":{"string":"play"}}},"df4qxr6y2d":{"id":"df4qxr6y2d","x":-1000,"y":3300,"type":"cardType","width":200,"connections":{"inputs":{"typeName":[{"nodeId":"kbszbbu3q8f","portName":":string"}],"card":[{"nodeId":"wcks6y8swk","portName":":Card"}]},"outputs":{":string":[{"nodeId":"jht985qnw8q","portName":"summand2"}]}},"inputData":{}},"kbszbbu3q8f":{"id":"kbszbbu3q8f","x":-1250,"y":3300,"type":"string","width":200,"connections":{"inputs":{},"outputs":{":string":[{"nodeId":"df4qxr6y2d","portName":"typeName"}]}},"inputData":{"string":{"string":"type"}}},"wcks6y8swk":{"id":"wcks6y8swk","x":-1250,"y":3520,"type":"first","width":200,"connections":{"inputs":{"array":[{"nodeId":"tcu3u9ohcm9","portName":":Card[]"}]},"outputs":{":Card":[{"nodeId":"df4qxr6y2d","portName":"card"}]}},"inputData":{}},"tcu3u9ohcm9":{"id":"tcu3u9ohcm9","x":-1500,"y":3520,"type":"topCards","width":200,"connections":{"inputs":{"stack":[{"nodeId":"0pdfi62226sp","portName":":CardStack"}]},"outputs":{":Card[]":[{"nodeId":"wcks6y8swk","portName":"array"}]}},"inputData":{}},"0pdfi62226sp":{"id":"0pdfi62226sp","x":-1750,"y":3520,"type":"getGlobalCardStack","width":200,"connections":{"inputs":{"id":[{"nodeId":"7qfl2jn5uhi","portName":":string"}]},"outputs":{":CardStack":[{"nodeId":"tcu3u9ohcm9","portName":"stack"}]}},"inputData":{}},"7qfl2jn5uhi":{"id":"7qfl2jn5uhi","x":-2000,"y":3520,"type":"string","width":200,"connections":{"inputs":{},"outputs":{":string":[{"nodeId":"0pdfi62226sp","portName":"id"}]}},"inputData":{"string":{"string":"main"}}},"4soq12ii7ro":{"id":"4soq12ii7ro","x":-500,"y":3740,"type":"setPhase","width":200,"connections":{"inputs":{"player":[{"nodeId":"722sgseutux","portName":":Player"}],"phase":[{"nodeId":"jffymh7cktn","portName":":string"}]},"outputs":{":FunctionResult":[{"nodeId":"catcf6qrnmr","portName":"func7"}]}},"inputData":{}},"722sgseutux":{"id":"722sgseutux","x":-750,"y":3740,"type":"randomChoice","width":200,"connections":{"inputs":{"options":[{"nodeId":"2jdq4prrsaw","portName":":Player[]"}]},"outputs":{":Player":[{"nodeId":"4soq12ii7ro","portName":"player"}]}},"inputData":{}},"2jdq4prrsaw":{"id":"2jdq4prrsaw","x":-1000,"y":3740,"type":"players","width":200,"connections":{"inputs":{},"outputs":{":Player[]":[{"nodeId":"722sgseutux","portName":"options"}]}},"inputData":{}},"jffymh7cktn":{"id":"jffymh7cktn","x":-750,"y":3960,"type":"string","width":200,"connections":{"inputs":{},"outputs":{":string":[{"nodeId":"4soq12ii7ro","portName":"phase"}]}},"inputData":{"string":{"string":"main"}}}},"comments":{}}}