{
  "id": "maumau",
  "name": "Mau Mau",
  "globalStacks": {
    "draw": {"visibility": "stack-hidden", "emptyImage": "assets/empty.svg"},
    "main": {"visibility": "stack", "emptyImage": "assets/empty.svg"}
  },
  "playerStacks": {
    "hand": {"visibility": "hand-me"}
  },
  "variables": {
    "startHandCards": {"value": 6},
    "lastFace": {"value": ""},
    "7counter": {"value": 0},
    "playedA": {"value": false}
  },
  "startPhase": "start",
  "gamePhases": {
    "start": {"action": "start"},
    "main": {"action": "main"}
  }
}
